filename,pred_prob,yuri_norm_line,yuri_norm_actpsy,weighted,aid,vid
60_3450,0.9994429060515873,0.0969529085872576,0.0357598978288633,0.6323276059900159,60,3450
82_4714,0.0052977288263252,0.0124653739612188,0.0,0.0069182494841607,82,4714
82_4724,0.0080275381486267,0.0152354570637118,0.0,0.0093871600082895,82,4724
82_19479,0.0012638425101763,0.0249307479224376,0.0,0.008237529882837,82,19479
82_36615,0.001393491450383,0.0235457063711911,0.0,0.0078998067815871,82,36615
124_6298,0.9996767228645832,0.3324099722991689,0.4150702426564495,0.7410360496741455,124,6298
124_19644,0.9996928004411766,0.3684210526315789,0.1813537675606641,0.7284773728102459,124,19644
124_19645,0.9979978388888888,0.3781163434903047,0.4252873563218391,0.7547623420126086,124,19645
143_6832,0.0001835497173628,0.0,0.0255427841634738,0.002664408246765,143,6832
149_7019,0.0017118553315912,0.0470914127423822,0.0102171136653895,0.0161762483882083,149,7019
149_7020,0.0002957083683028,0.0180055401662049,0.0280970625798211,0.0083887933288252,149,7020
149_7021,0.0003363020297959,0.0692520775623268,0.0523627075351213,0.0262136752400877,149,7021
149_7022,0.0049277357078612,0.0512465373961218,0.0280970625798211,0.0211403089015353,149,7022
149_12765,0.0035468650823157,0.0221606648199445,0.0127713920817369,0.0100534577035464,149,12765
149_13629,0.0001841206850724,0.0332409972299168,0.0,0.0100827715800184,149,13629
149_20210,0.0049786399312362,0.0692520775623268,0.0,0.0237628072274397,149,20210
149_26295,0.0002410486201339,0.0110803324099723,0.0,0.003468728895072,149,26295
149_30340,0.0040842536273233,0.0249307479224376,0.0114942528735632,0.0110792018404815,149,30340
149_30348,0.0026243062277514,0.0318559556786703,0.0,0.0111313704402519,149,30348
149_35193,0.0025388317477055,0.0623268698060941,0.0166028097062579,0.0218816409610773,149,35193
203_8499,0.0329577586752911,0.0526315789473684,0.0153256704980842,0.0370966959391936,203,8499
203_19475,0.0015719683266309,0.0429362880886426,0.020434227330779,0.0158674901556492,203,19475
208_8558,0.9976898365353384,0.1301939058171745,0.123882503192848,0.6500603239856402,208,8558
208_8571,0.9933682069380988,0.0720221606648199,0.0319284802043422,0.6208204203827394,208,8571
208_8577,0.9980993121782236,0.095567867036011,0.0587484035759897,0.6334047877753364,208,8577
251_9594,0.0069013755556503,0.0263157894736842,0.0051085568326947,0.0125464178587649,251,9594
251_12161,0.0104016311367558,0.0235457063711911,0.0268199233716475,0.0159866829305755,251,12161
251_12205,0.0157677735964139,0.0540166204986149,0.0051085568326947,0.0261765059907022,251,12205
251_16453,0.0047062572538364,0.0498614958448753,0.0140485312899105,0.0191870562347554,251,16453
255_9641,0.8511388562265823,0.2770083102493075,0.1966794380587484,0.6134537506166164,255,9641
255_9660,0.7142048886025331,0.2590027700831024,0.074074074074074,0.513631171593858,255,9660
255_9668,0.683508207814281,0.1897506925207756,0.1928480204342273,0.486314934488224,255,9668
255_9671,0.7841436529156572,0.2146814404432133,0.0791826309067688,0.5428088869730352,255,9671
255_9675,0.7421649706135472,0.2326869806094182,0.0332056194125159,0.5184256384922054,255,9675
255_9682,0.6066417499379008,0.056786703601108,0.0114942528735632,0.3821704863304292,255,9682
255_9687,0.6865992483910387,0.2479224376731301,0.10727969348659,0.4970642496852213,255,9687
255_9691,0.6097632451137478,0.2617728531855955,0.1034482758620689,0.4547346306101342,255,9691
255_9697,0.7624983884764949,0.3005540166204986,0.2183908045977011,0.5695043185318166,255,9697
255_9698,0.8957302560867092,0.2132963988919667,0.0498084291187739,0.6064079162314929,255,9698
255_9707,0.8086859278353798,0.0706371191135734,0.0102171136653895,0.5074244038018388,255,9707
255_17548,0.4977856605509602,0.1759002770083102,0.0383141762452107,0.3552728970575902,255,17548
255_19141,0.7444571959747223,0.2506925207756232,0.1711366538952746,0.5389957392070477,255,19141
255_19142,0.756703275823435,0.2326869806094182,0.1455938697318007,0.5383874466500665,255,19142
255_20343,0.4866214840454029,0.1786703601108033,0.057471264367816,0.3513211248972643,255,20343
255_25495,0.4389235695352702,0.1218836565096952,0.0166028097062579,0.3015795196446965,255,25495
255_25499,0.6319911942960038,0.2409972299168974,0.0293742017879948,0.454431305731471,255,25499
255_25950,0.7569153080981311,0.0609418282548476,0.0459770114942528,0.4770294344847582,255,25950
255_28845,0.6301947950555346,0.1620498614958448,0.0664112388250319,0.4333729593645773,255,28845
255_29646,0.7532383336965259,0.2202216066481994,0.1813537675606641,0.5361448589684418,255,29646
255_30182,0.5891254101484231,0.1925207756232687,0.0485312899106002,0.4160846077670944,255,30182
255_33415,0.5525776390250368,0.2409972299168974,0.0804597701149425,0.4118917294015854,255,33415
255_33423,0.7097093249894358,0.131578947368421,0.0332056194125159,0.4686198411454393,255,33423
255_35187,0.3628794760570312,0.1939058171745152,0.1034482758620689,0.2862442583727801,255,35187
255_37585,0.5615389832820441,0.2077562326869806,0.1187739463601532,0.411127654411336,255,37585
255_39740,0.6826945247359195,0.1869806094182825,0.0549169859514687,0.4712025962621833,255,39740
255_44280,0.721219024069311,0.131578947368421,0.0561941251596423,0.4778245111680771,255,44280
255_46532,0.5779488313000783,0.0941828254847645,0.0242656449553001,0.3774507109210063,255,46532
255_48951,0.82041851738375,0.2216066481994459,0.0881226053639846,0.5675453654264823,255,48951
255_50050,0.5947244614565146,0.1509695290858725,0.0498084291187739,0.4071063785115478,255,50050
255_63937,0.5333390468807343,0.1232686980609418,0.0306513409961685,0.3600491716463399,255,63937
255_63938,0.6759190737256361,0.1440443213296398,0.0319284802043422,0.4519575886547078,255,63938
255_134554,0.8104552074139436,0.1274238227146814,0.0830140485312899,0.5328016761158996,255,134554
298_10595,0.1830062073954142,0.0595567867036011,0.0344827586206896,0.1311190363103978,298,10595
298_10601,0.3749087998894886,0.0720221606648199,0.0153256704980842,0.2480844951829475,298,10601
298_17775,0.4003041461600621,0.1980609418282548,0.0791826309067688,0.3075190333351906,298,17775
298_20499,0.3021149360766357,0.1024930747922437,0.0651340996168582,0.2185302940453403,298,20499
301_10869,0.0102487703875587,0.0595567867036011,0.0114942528735632,0.0251657235309718,301,10869
301_10871,0.0039236218211428,0.0706371191135734,0.0293742017879948,0.0264827290055571,301,10871
301_10884,0.0305926391475181,0.0498614958448753,0.0,0.0333140322419734,301,10884
301_17145,0.0158742150368108,0.0470914127423822,0.0,0.0236519528448011,301,17145
301_18174,0.0129523470324032,0.0595567867036011,0.0,0.0256384442305222,301,18174
301_29966,0.0036119491520889,0.0124653739612188,0.0,0.0059067816796189,301,29966
343_12044,0.0257577049442483,0.0512465373961218,0.0102171136653895,0.0318502955519244,343,12044
343_17953,0.0555653884652203,0.0304709141274238,0.0,0.0424805073173593,343,17953
343_17955,0.0244941426868617,0.113573407202216,0.0,0.0487685077727818,343,17955
349_12158,0.9946706086022729,0.1301939058171745,0.123882503192848,0.6482487872258008,349,12158
391_14748,0.9993718623489012,0.1578947368421052,0.0702426564495529,0.6540158041069275,391,14748
391_14750,0.99494643771,0.1371191135734072,0.0932311621966794,0.6474267129176902,391,14750
401_14946,0.0088018408687725,0.1329639889196676,0.0459770114942528,0.049768002346589,401,14946
401_19786,0.0028109676352464,0.1606648199445983,0.0830140485312899,0.0581874314176563,401,19786
401_27844,0.0255576944216572,0.2105263157894736,0.1060025542784163,0.089092766817678,401,27844
452_16680,0.9969637394157302,0.3047091412742382,0.2515964240102171,0.7147506284327314,452,16680
452_19357,0.9970455588178024,0.2867036011080332,0.1890166028097062,0.703140075904062,452,19357
452_26034,0.9982470821290323,0.2396121883656509,0.1724137931034483,0.6880732850974596,452,26034
499_18026,0.9972966151955494,0.1717451523545706,0.123882503192848,0.6622897651429855,499,18026
519_18195,0.0001847013215562,0.0484764542936288,0.0140485312899105,0.0160586102100134,519,18195
531_18333,0.0762590889734423,0.0484764542936288,0.0791826309067688,0.0682166527628309,531,18333
531_29813,0.0600793264343113,0.0734072022160664,0.053639846743295,0.0634337411997362,531,29813
531_32910,0.131600317779652,0.1468144044321329,0.0932311621966794,0.132327628217099,531,32910
531_65127,0.0522887467481658,0.056786703601108,0.0625798212005108,0.0546672412492829,531,65127
531_65397,0.5044395893750179,0.0914127423822714,0.057471264367816,0.3358347027764737,531,65397
531_65764,0.3069438947160141,0.1260387811634349,0.144316730523627,0.2364096442310016,531,65764
531_66734,0.475199281285694,0.0817174515235457,0.037037037037037,0.3133385079321837,531,66734
531_66888,0.2640925356981594,0.0637119113573407,0.0459770114942528,0.1821667959755231,531,66888
577_18765,0.0039341557098816,0.0678670360110803,0.0383141762452107,0.0265520218537741,577,18765
577_23778,0.0001836622069358,0.1745152354570637,0.1123882503192847,0.063703592993209,577,23778
583_18786,0.986796060461301,0.1717451523545706,0.1008939974457215,0.6536905817277239,583,18786
595_18889,0.0126856953600619,0.0941828254847645,0.0,0.0358662648614664,595,18889
595_18891,0.0003942794285549,0.0304709141274238,0.0063856960408684,0.0100164114994469,595,18891
643_19288,0.0094713790092163,0.167590027700831,0.0664112388250319,0.0626009595982822,643,19288
655_19379,0.9996752431786544,0.2091412742382271,0.1481481481481481,0.6773623429934755,655,19379
655_19381,0.9994656387931034,0.2354570637119113,0.1992337164750957,0.690239874036945,655,19381
657_19396,0.995894616385906,0.077562326869806,0.0076628352490421,0.6215717514173896,657,19396
667_19434,0.9994454525878004,0.2590027700831024,0.2017879948914431,0.6975469020667553,667,19434
677_19543,0.9959851846736244,0.1911357340720221,0.1570881226053639,0.6706406432863177,677,19543
677_43406,0.9954708110718882,0.1925207756232687,0.1021711366538952,0.665255832995503,677,43406
806_21516,0.999677490709838,0.1606648199445983,0.0664112388250319,0.6546470642917854,806,21516
894_24103,0.9972091399194632,0.1371191135734072,0.1060025542784163,0.6500614734515417,894,24103
915_25331,0.9983676001876712,0.1218836565096952,0.0893997445721583,0.6445256315227271,915,25331
929_26654,0.999443237254902,0.2174515235457063,0.3397190293742018,0.6988733023540733,929,26654
952_27674,0.004426986929257,0.1426592797783933,0.0076628352490421,0.0462202596159763,952,27674
952_27685,0.0040529688121414,0.0914127423822714,0.0063856960408684,0.0304941736060531,952,27685
972_28272,0.0016127065777428,0.0221606648199445,0.0025542784163473,0.0078712512342637,972,28272
1020_29857,0.9994369981132076,0.5124653739612188,0.5900383141762452,0.8124056424739148,1020,29857
1021_29936,0.0130309968022191,0.1454293628808864,0.1111111111111111,0.0625585180567084,1021,29936
1091_32943,0.0001823309284,0.0540166204986149,0.0242656449553001,0.0187409492021544,1091,32943
1091_34133,0.0001822468751449,0.1149584487534626,0.0549169859514687,0.0400885813462725,1091,34133
1091_35467,0.0029420528399142,0.0831024930747922,0.0472541507024265,0.0314213946966288,1091,35467
1091_40035,0.0004841057829649,0.0498614958448753,0.0268199233716475,0.0179309045604062,1091,40035
1115_33933,0.9980662297741936,0.1509695290858725,0.1060025542784163,0.6547308520181195,1115,33933
1115_33942,0.9896440662810748,0.2257617728531856,0.1494252873563218,0.6764575003602327,1115,33942
1156_35334,0.0436843412735016,0.0526315789473684,0.037037037037037,0.0457037821520151,1156,35334
1215_37600,0.8634995152585957,0.1191135734072022,0.0766283524904214,0.5614966164263601,1215,37600
1215_45500,0.7591860344270664,0.1371191135734072,0.0153256704980842,0.4981799217780704,1215,45500
1215_50634,0.6970619544800604,0.0831024930747922,0.0523627075351213,0.448404191363986,1215,50634
1215_53513,0.4211818924099644,0.0526315789473684,0.003831417624521,0.2688817508926412,1215,53513
1215_59762,0.5203017053339124,0.095567867036011,0.0702426564495529,0.347875648956106,1215,59762
1215_69536,0.6916657172842046,0.1772853185595568,0.0983397190293741,0.4780189978413271,1215,69536
1215_112296,0.7309850575833879,0.0983379501385041,0.0306513409961685,0.4711575536912008,1215,112296
1255_39335,0.0076406269682101,0.0443213296398891,0.0229885057471264,0.0201796256476054,1255,39335
1255_51028,0.0040434991917564,0.0706371191135734,0.0229885057471264,0.0259160858238385,1255,51028
1414_46255,0.998314415939394,0.0637119113573407,0.0332056194125159,0.6214227849120902,1414,46255
1414_71258,0.9983197485981524,0.0360110803324099,0.0051085568326947,0.6103060289418839,1414,71258
1414_72715,0.9977096529312424,0.056786703601108,0.0,0.6156618028390778,1414,72715
1414_104755,0.9961847564847204,0.0166204986149584,0.003831417624521,0.6030801452377719,1414,104755
1414_104765,0.9975038096162164,0.0235457063711911,0.0268199233716475,0.6082479900182519,1414,104765
1414_108915,0.9996992757692308,0.077562326869806,0.0932311621966794,0.6324113797421482,1414,108915
1414_108917,0.998845810700236,0.0526315789473684,0.0191570881226053,0.6170126689166127,1414,108917
1414_119795,0.9984639910470446,0.1038781163434903,0.0178799489144316,0.632029824422717,1414,119795
1414_122209,0.997869073759912,0.1149584487534626,0.057471264367816,0.6389561053187676,1414,122209
1414_122955,0.9991971245484222,0.0692520775623268,0.0357598978288633,0.6238698877806377,1414,122955
1414_123397,0.9970340864367268,0.0554016620498614,0.020434227330779,0.6168843732100723,1414,123397
1577_52891,0.0001842161731382,0.1163434903047091,0.037037037037037,0.0387172804989993,1577,52891
1577_62172,0.0001844054342326,0.1066481994459833,0.0421455938697317,0.0363196624813077,1577,62172
1577_78877,0.0080750040479186,0.1260387811634349,0.0459770114942528,0.0472543379272069,1577,78877
1601_54275,0.0071706256879971,0.0720221606648199,0.0166028097062579,0.02756930458287,1601,54275
1609_54583,0.0155342431900843,0.0623268698060941,0.0191570881226053,0.0299343156681393,1609,54583
1609_61847,0.0003445359085012,0.0540166204986149,0.0638569604086845,0.0227974037355536,1609,61847
1610_54619,0.0328703688863958,0.0858725761772853,0.0051085568326947,0.0459948498682925,1610,54619
1610_61794,0.0017418162229479,0.1426592797783933,0.0025542784163473,0.0440983015089214,1610,61794
1610_62011,0.0066579831770916,0.0609418282548476,0.0025542784163473,0.0225327662243439,1610,62011
1610_74433,0.000186557881228,0.0512465373961218,0.0,0.0154858959475733,1610,74433
1610_74947,0.0245818839961897,0.0941828254847645,0.0,0.0430039780431431,1610,74947
1610_78156,0.0320804031973181,0.0581717451523545,0.0,0.0366997654640972,1610,78156
1610_80029,0.0001869873446296,0.0872576177285318,0.0,0.0262894777253373,1610,80029
1642_55559,0.9932943076525038,0.113573407202216,0.037037037037037,0.6337523104558708,1642,55559
1643_55576,0.9967594631673888,0.2977839335180055,0.0715197956577266,0.6945428375216075,1643,55576
1674_56782,0.0111800881814425,0.0498614958448753,0.0127713920817369,0.0229436408705017,1674,56782
1677_56909,0.00032347169062,0.020775623268698,0.0012771392081736,0.0065544839157987,1677,56909
1677_56910,0.0103257413822526,0.0110803324099723,0.0,0.0095195445523432,1677,56910
1683_57157,0.5851070472906966,0.2590027700831024,0.1851851851851851,0.4472835779178672,1683,57157
1683_72353,0.7629682766904232,0.2132963988919667,0.2873563218390804,0.550505517865752,1683,72353
1683_72363,0.8099551735079683,0.2673130193905817,0.2388250319284802,0.5900495131148035,1683,72363
1683_72396,0.7318365380791667,0.3033240997229917,0.3026819923371647,0.5603673519981139,1683,72396
1683_72409,0.8931021832677101,0.2686980609418282,0.2796934865900383,0.6444400769021782,1683,72409
1683_81033,0.5882560146050783,0.2479224376731301,0.2120051085568327,0.4485308509206692,1683,81033
1683_81043,0.6264520951736853,0.3282548476454293,0.2796934865900383,0.5023170600568437,1683,81043
1683_97801,0.5965695206277941,0.3324099722991689,0.1634738186462324,0.4740120859310504,1683,97801
1683_99285,0.4121580271954367,0.3296398891966758,0.2426564495530012,0.3704524280315648,1683,99285
1683_115965,0.6257855630486784,0.224376731301939,0.1034482758620689,0.4531291848059956,1683,115965
1683_117332,0.6066969785711239,0.2520775623268698,0.1200510855683269,0.451646564397568,1683,117332
1683_125053,0.6733601929511257,0.335180055401662,0.2784163473818646,0.5324117671293604,1683,125053
1683_139072,0.6609809621973455,0.3005540166204986,0.2030651340996168,0.5070612957145185,1683,139072
1683_148767,0.6493860233460315,0.3573407202216067,0.3499361430395913,0.53182744437806,1683,148767
1683_159554,0.9326781369062396,0.2797783933518005,0.1698595146871009,0.660526351617994,1683,159554
1683_160185,0.8065848205452221,0.3116343490304709,0.268199233716475,0.604261120407922,1683,160185
1698_57756,0.9996588532066116,0.2700831024930748,0.1545338441890165,0.6962736270907911,1698,57756
1729_58906,0.999693454250326,0.1440443213296398,0.1060025542784163,0.6536296243769291,1729,58906
1729_68779,0.9996805471711292,0.1537396121883656,0.1085568326947637,0.6567858952286636,1729,68779
1751_59858,0.0218820321601721,0.2576177285318559,0.0625798212005108,0.0966725199757111,1751,59858
1819_63214,0.0015433758880148,0.0235457063711911,0.0,0.0079897374441662,1819,63214
1819_65557,0.000194261128399,0.0332409972299168,0.0,0.0100888558460144,1819,65557
1819_68669,0.0031568673806187,0.0554016620498614,0.0089399744572158,0.0194086164890512,1819,68669
1819_74151,0.0042726265816189,0.038781163434903,0.0,0.0141979249794422,1819,74151
1819_74187,0.0205651260858148,0.0429362880886426,0.0,0.0252199620780816,1819,74187
1819_80022,0.0001840427527465,0.0609418282548476,0.0,0.0183929741281021,1819,80022
1833_63846,0.9989684800438984,0.2313019390581717,0.1507024265644955,0.6838419124002401,1833,63846
1845_64615,0.0373384303976248,0.113573407202216,0.0919540229885057,0.0656704826980902,1845,64615
1845_66108,0.008243093608595,0.1551246537396121,0.1481481481481481,0.0662980671018554,1845,66108
1868_65575,0.0083255458013053,0.092797783933518,0.0408684546615581,0.0369215081269943,1868,65575
1868_67542,0.012196018059803,0.095567867036011,0.0779054916985951,0.0437785201165446,1868,67542
1868_73585,0.0031607055352843,0.0844875346260387,0.0446998722860791,0.0317126709375901,1868,73585
1868_124370,0.0002859547650431,0.1371191135734072,0.0842911877394635,0.0497364257049943,1868,124370
1868_132065,0.0343274160267948,0.2188365650969529,0.0446998722860791,0.0907174063737706,1868,132065
1868_132354,0.0021262501762271,0.1121883656509695,0.1060025542784163,0.0455325152288687,1868,132354
1966_69040,0.6399522971405149,0.1966759002770083,0.1417624521072796,0.4571503935781394,1966,69040
1966_73874,0.7003793285631406,0.1828254847645429,0.0842911877394635,0.4835043613411935,1966,73874
1966_75787,0.7363719346787629,0.2576177285318559,0.1481481481481481,0.5339232941816293,1966,75787
1966_77579,0.7194035039351002,0.2313019390581717,0.1545338441890165,0.5164860684974133,1966,77579
1990_70386,0.0399515397890157,0.0415512465373961,0.0,0.0364362978346282,1990,70386
1990_70731,0.0479729551880222,0.0069252077562326,0.0,0.0308613354396831,1990,70731
1990_85340,0.0496562502873871,0.0429362880886426,0.0051085568326947,0.0431854922822945,1990,85340
1990_86235,0.0252025241944986,0.020775623268698,0.0,0.0213542014973085,1990,86235
1990_89877,0.117673152246545,0.0360110803324099,0.0,0.0814072154476499,1990,89877
1990_89890,0.0742444358743954,0.0069252077562326,0.0,0.046624223851507,1990,89890
1990_91522,0.0556395230752039,0.0498614958448753,0.0,0.0483421625985849,1990,91522
1990_113126,0.0115533129777195,0.0484764542936288,0.0,0.0214749240747203,1990,113126
1990_116250,0.0703630693706377,0.0290858725761772,0.0,0.0509436033952357,1990,116250
1990_134304,0.0435624937264249,0.0304709141274238,0.0012771392081736,0.0354064843948994,1990,134304
1990_142308,0.0097747181380762,0.0429362880886426,0.0,0.0187457173094385,1990,142308
1990_147036,0.0613437067178217,0.0221606648199445,0.0,0.0434544234766763,1990,147036
1990_150239,0.0589154434359226,0.0263157894736842,0.0,0.0432440029036588,1990,150239
2099_75597,0.992958234274648,0.5457063711911357,0.247765006385696,0.7842633525606991,2099,75597
2131_77090,0.9963062535468384,0.1578947368421052,0.1021711366538952,0.655369286846124,2131,77090
2131_82072,0.9993482968011528,0.2299168975069252,0.1532567049808429,0.6839097178308535,2131,82072
2138_77304,0.0029633752984427,0.0650969529085872,0.0,0.0213071110516417,2138,77304
2138_81005,0.0004086872183735,0.0581717451523545,0.0,0.0176967358767304,2138,81005
2138_86516,0.0097796917309223,0.0650969529085872,0.003831417624521,0.0257800426735816,2138,86516
2138_90034,0.0202279668467017,0.095567867036011,0.003831417624521,0.0411902819812764,2138,90034
2152_77900,0.1527051442470846,0.020775623268698,0.0025542784163473,0.0981112013704949,2152,77900
2152_79067,0.147706136065774,0.0138504155124653,0.0,0.092778806293204,2152,79067
2152_80684,0.15954134027125,0.0678670360110803,0.0,0.116084914966074,2152,80684
2152_82625,0.1607875407817098,0.0360110803324099,0.0,0.1072758485687488,2152,82625
2152_86579,0.0868714681711015,0.0193905817174515,0.0,0.0579400554178963,2152,86579
2152_89132,0.1963760041318424,0.0277008310249307,0.0,0.1261358517865846,2152,89132
2152_92927,0.2908427216700783,0.0290858725761772,0.0,0.1832313947749001,2152,92927
2152_97205,0.2073619676894026,0.0637119113573407,0.0012771392081736,0.1436584679416611,2152,97205
2152_106047,0.1104796394802281,0.0138504155124653,0.003831417624521,0.0708260501043285,2152,106047
2152_109918,0.0547464061056595,0.0540166204986149,0.0,0.0490528298129801,2152,109918
2152_112766,0.7030754003507693,0.0,0.0,0.4218452402104616,2152,112766
2152_112870,0.2062891948570595,0.0540166204986149,0.0102171136653895,0.1410002144303591,2152,112870
2152_113497,0.606636413437625,0.2146814404432133,0.020434227330779,0.4304297029286169,2152,113497
2152_114477,0.3602736864431051,0.0304709141274238,0.0,0.2253054861040901,2152,114477
2152_115107,0.2166440372636404,0.056786703601108,0.0,0.1470224334385166,2152,115107
2152_117475,0.2953439708529754,0.0540166204986149,0.0063856960408684,0.1940499382654565,2152,117475
2152_119565,0.2911488704167783,0.0623268698060941,0.0,0.1933873831918952,2152,119565
2152_128293,0.2470738816918022,0.0512465373961218,0.0,0.1636182902339178,2152,128293
2152_131798,0.1465250582699115,0.0498614958448753,0.0,0.1028734837154095,2152,131798
2152_137195,0.1892415452659901,0.0318559556786703,0.0025542784163473,0.1233571417048298,2152,137195
2152_139562,0.4169550537935547,0.0789473684210526,0.0,0.2738572428024486,2152,139562
2152_141783,0.952636803,0.1952908587257617,0.0,0.6301693394177285,2152,141783
2152_145859,0.2000953417212774,0.0650969529085872,0.0,0.1395862909053426,2152,145859
2152_159173,0.2486833150612554,0.1620498614958448,0.0,0.1978249474855066,2152,159173
2235_81534,0.9932409030176628,0.1800554016620498,0.10727969348659,0.6606891316578716,2235,81534
2235_90022,0.9982597521760788,0.1952908587257617,0.0804597701149425,0.66558908593487,2235,90022
2255_82490,0.0202299254381876,0.092797783933518,0.0255427841634738,0.0425315688593153,2255,82490
2255_87549,0.0088332992169498,0.0789473684210526,0.0,0.0289841900564856,2255,87549
2255_91205,0.023492160899677,0.0415512465373961,0.0,0.026560670501025,2255,91205
2255_94086,0.0141409849592612,0.1357340720221606,0.0395913154533844,0.0531639441275433,2255,94086
2255_97803,0.0391725848106052,0.1606648199445983,0.0166028097062579,0.0733632778403683,2255,97803
2255_98786,0.0094211780081586,0.0817174515235457,0.0127713920817369,0.0314450814701325,2255,98786
2255_99805,0.0326303465799552,0.0914127423822714,0.0408684546615581,0.0510888761288103,2255,99805
2255_100338,0.0028223890007641,0.0900277008310249,0.0102171136653895,0.0297234550163048,2255,100338
2255_100339,0.0015154383150734,0.1080332409972299,0.0114942528735632,0.0344686605755693,2255,100339
2255_102172,0.0017721402551078,0.1149584487534626,0.0229885057471264,0.037849669353816,2255,102172
2255_104473,0.0148322971481313,0.1966759002770083,0.0280970625798211,0.0707118546299633,2255,104473
2255_104788,0.012328742702923,0.0650969529085872,0.0127713920817369,0.0282034707025036,2255,104788
2255_108413,0.0438546973547953,0.1648199445983379,0.0459770114942528,0.0803565029418038,2255,108413
2255_110452,0.0279067974685899,0.0304709141274238,0.0,0.025885352719381,2255,110452
2255_110545,0.0079407164360958,0.1551246537396121,0.0996168582375478,0.0612635118072958,2255,110545
2255_114032,0.0132181543173657,0.1038781163434903,0.0076628352490421,0.0398606110183707,2255,114032
2255_120784,0.0045155421511467,0.131578947368421,0.003831417624521,0.0425661512636664,2255,120784
2255_120785,0.0074247361745741,0.1232686980609418,0.0153256704980842,0.0429680181728354,2255,120785
2255_129283,0.0449269529152948,0.1440443213296398,0.0114942528735632,0.0713188934354251,2255,129283
2255_142921,0.0185505394499063,0.1578947368421052,0.0485312899106002,0.0633518737136353,2255,142921
2255_144017,0.0276048496608909,0.1204986149584487,0.037037037037037,0.0564161979877728,2255,144017
2255_149789,0.0125748168823501,0.0304709141274238,0.0,0.0166861643676372,2255,149789
2255_154587,0.0018329663175238,0.1204986149584487,0.0166028097062579,0.0389096452486746,2255,154587
2255_160649,0.0051279133910873,0.0803324099722991,0.0,0.0271764710263421,2255,160649
2255_165709,0.0049612716719018,0.1163434903047091,0.0,0.0378798100945538,2255,165709
2258_82574,0.0001829228034349,0.0844875346260387,0.0255427841634738,0.0280102924862199,2258,82574
2258_86246,0.0025405244942471,0.0360110803324099,0.0676883780332056,0.0190964765995917,2258,86246
2258_86255,0.0083566297144628,0.0692520775623268,0.0268199233716475,0.0284715934345404,2258,86255
2258_164542,0.0002971811370512,0.0595567867036011,0.0217113665389527,0.0202164813472063,2258,164542
2258_164551,0.0331596660920892,0.038781163434903,0.0114942528735632,0.0326795739730807,2258,164551
2258_164560,0.0073937997634905,0.0332409972299168,0.0,0.0144085790270693,2258,164560
2258_164661,0.0033729425473443,0.0373961218836565,0.0293742017879948,0.016180022272303,2258,164661
2258_164670,0.0001833492926696,0.0443213296398891,0.0357598978288633,0.0169823982504548,2258,164670
2291_84182,0.99824431722135,0.3407202216066481,0.2209450830140485,0.7232571651162092,2291,84182
2291_106328,0.9943676907444444,0.2534626038781163,0.1570881226053639,0.6883682078706379,2291,106328
2300_84761,0.0356173736381328,0.0789473684210526,0.0293742017879948,0.0479920548879949,2300,84761
2306_84905,0.8280185864865116,0.1814404432132964,0.037037037037037,0.5549469885595996,2306,84905
2306_98863,0.9213611013675456,0.1897506925207756,0.1724137931034483,0.6269832478871048,2306,98863
2306_98864,0.8285704633607054,0.1426592797783933,0.0881226053639846,0.5487523224863396,2306,98864
2314_85321,0.023982550532214,0.0886426592797784,0.0293742017879948,0.0439197482820614,2314,85321
2314_91290,0.00965793567339,0.1177285318559556,0.0600255427841634,0.047115875239237,2314,91290
2314_91365,0.0002393062416791,0.1204986149584487,0.0255427841634738,0.0388474466488894,2314,91365
2314_97462,0.0045583910684262,0.1052631578947368,0.0421455938697317,0.0385285413964499,2314,97462
2367_87720,0.0002636771034039,0.092797783933518,0.0293742017879948,0.0309349616208972,2367,87720
2367_87736,0.0001826896629147,0.0969529085872576,0.0332056194125159,0.0325160483151776,2367,87736
2367_90830,0.0003206200475444,0.1011080332409972,0.0242656449553001,0.0329513464963558,2367,90830
2367_93911,0.0031580477714705,0.2022160664819944,0.0753512132822477,0.0700947699357053,2367,93911
2367_97745,0.0055874317177266,0.0969529085872576,0.0395913154533844,0.0363974631521516,2367,97745
2367_109978,0.0001825737686046,0.0886426592797784,0.0332056194125159,0.0300229039863478,2367,109978
2367_117201,0.0001826555570826,0.1329639889196676,0.0332056194125159,0.0433193519514014,2367,117201
2367_128760,0.0037697937339999,0.1800554016620498,0.0549169859514687,0.0617701953341617,2367,128760
2367_133856,0.0014131900562857,0.0844875346260387,0.1277139208173691,0.0389655665033199,2367,133856
2410_89519,0.0826594897028899,0.0540166204986149,0.0,0.0658006799713184,2410,89519
2410_97497,0.0827018111089413,0.0581717451523545,0.0140485312899105,0.0684774633400621,2410,97497
2410_110426,0.0403361838866666,0.0470914127423822,0.0,0.0383291341547146,2410,110426
2418_89871,0.0221950493960808,0.1440443213296398,0.0242656449553001,0.0589568905320704,2418,89871
2431_90434,0.9977181408077708,0.2132963988919667,0.1481481481481481,0.6774346189670672,2431,90434
2438_90975,0.000183086557,0.170360110803324,0.0140485312899105,0.0526227383041882,2438,90975
2438_91540,0.002308003537027,0.1108033240997229,0.1187739463601532,0.0465031939881483,2438,91540
2441_91100,0.0940584292983508,0.0650969529085872,0.0063856960408684,0.0766027130556734,2441,91100
2441_91746,0.0215322485764986,0.1011080332409972,0.0178799489144316,0.0450397540096414,2441,91746
2441_94749,0.0206531848499115,0.0692520775623268,0.0,0.0331675341786449,2441,94749
2441_98122,0.0603499009507284,0.0304709141274238,0.0012771392081736,0.0454789287294815,2441,98122
2441_103769,0.0771632377644572,0.0277008310249307,0.0,0.0546081919661535,2441,103769
2441_106148,0.0847238510183486,0.0831024930747922,0.0166028097062579,0.0774253395040726,2441,106148
2441_111561,0.0634267529873555,0.0664819944598338,0.0102171136653895,0.0590223614969023,2441,111561
2441_113367,0.0892120658570511,0.0290858725761772,0.0,0.0622530012870838,2441,113367
2441_116433,0.1078118483235917,0.0166204986149584,0.0,0.0696732585786425,2441,116433
2441_119910,0.0629941394263719,0.0443213296398891,0.0,0.0510928825477898,2441,119910
2441_125778,0.0342117363234301,0.0872576177285318,0.003831417624521,0.0470874688750697,2441,125778
2441_130740,0.0237028790941743,0.0373961218836565,0.0089399744572158,0.0263345614673231,2441,130740
2441_140313,0.0324045037893257,0.0277008310249307,0.0242656449553001,0.0301795160766046,2441,140313
2441_147727,0.0428089229090728,0.0484764542936288,0.0,0.0402282900335323,2441,147727
2441_150529,0.0337885143869362,0.0221606648199445,0.0012771392081736,0.0270490219989624,2441,150529
2451_91489,0.0904929111439845,0.1800554016620498,0.0664112388250319,0.1149534910675088,2451,91489
2451_94926,0.0774857841257007,0.1191135734072022,0.0702426564495529,0.0892498081425363,2451,94926
2451_116164,0.1111606490107629,0.113573407202216,0.1021711366538952,0.110985525232512,2451,116164
2451_127924,0.0545236587186842,0.3157894736842105,0.3128991060025542,0.1587409479367291,2451,127924
2451_137549,0.0469124072487073,0.0817174515235457,0.0421455938697317,0.0568772391932612,2451,137549
2451_164214,0.3085287443451724,0.1454293628808864,0.0919540229885057,0.2379414577702199,2451,164214
2464_92235,0.9966940069960368,0.1814404432132964,0.0893997445721583,0.6613885116188268,2464,92235
2468_92542,0.5741540785255326,0.1204986149584487,0.0523627075351213,0.3858783023563663,2468,92542
2468_98528,0.5201251553600106,0.1634349030470914,0.0280970625798211,0.3639152703881159,2468,98528
2468_114697,0.4420863869415838,0.1717451523545706,0.0727969348659003,0.3240550713579115,2468,114697
2468_114701,0.5214805981362369,0.2049861495844875,0.123882503192848,0.3867724540763732,2468,114701
2468_115960,0.7620361051321312,0.1925207756232687,0.0791826309067688,0.5228961588569362,2468,115960
2468_122234,0.9087208928302508,0.1980609418282548,0.0344827586206896,0.6080990941086959,2468,122234
2468_129551,0.6836529119892034,0.1772853185595568,0.1724137931034483,0.4806187220717339,2468,129551
2468_144039,0.8588735188426034,0.4321329639889196,0.21455938697318,0.6664199391995559,2468,144039
2468_160019,0.2790404324078491,0.1177285318559556,0.0421455938697317,0.2069573783884693,2468,160019
2471_92679,0.0646859784578172,0.0360110803324099,0.0089399744572158,0.0505089086201348,2471,92679
2471_95234,0.0555746763008636,0.0581717451523545,0.0025542784163473,0.0510517571678592,2471,95234
2471_101712,0.1072865176496981,0.0900277008310249,0.0600255427841634,0.0973827751175426,2471,101712
2471_101717,0.1060756034454819,0.0581717451523545,0.0051085568326947,0.0816077412962649,2471,101717
2471_107289,0.0699563213244661,0.0180055401662049,0.0,0.0473754548445411,2471,107289
2471_111398,0.0679396803668037,0.0637119113573407,0.0102171136653895,0.0608990929938233,2471,111398
2480_92985,0.0024932691975169,0.1509695290858725,0.0,0.0467868202442718,2480,92985
2480_94848,0.0017614685720695,0.0900277008310249,0.0,0.0280651913925491,2480,94848
2480_99015,0.0001831201757649,0.0346260387811634,0.0,0.0104976837398079,2480,99015
2480_101626,0.0001828023513644,0.0373961218836565,0.0,0.0113285179759155,2480,101626
2480_103680,0.0001831319826974,0.0360110803324099,0.0,0.0109132032893414,2480,103680
2480_107832,0.0002752801151176,0.1232686980609418,0.0140485312899105,0.0385506306163441,2480,107832
2480_112484,0.0001832007201775,0.0831024930747922,0.0,0.0250406683545441,2480,112484
2480_118171,0.000183683216697,0.020775623268698,0.0,0.0063428969106276,2480,118171
2480_118201,0.0024323173619666,0.077562326869806,0.0,0.0247280884781217,2480,118201
2480_121049,0.0001830943183272,0.095567867036011,0.0,0.0287802167017996,2480,121049
2480_126644,0.0020229130595038,0.0124653739612188,0.0,0.0049533600240679,2480,126644
2480_128696,0.0001847027691025,0.0096952908587257,0.0,0.0030194089190792,2480,128696
2480_130152,0.0002690169036642,0.0221606648199445,0.0,0.0068096095881818,2480,130152
2480_135650,0.000268972754268,0.0110803324099723,0.0,0.0034854833755524,2480,135650
2480_141087,0.0001835201977182,0.0221606648199445,0.0,0.0067583115646142,2480,141087
2480_150421,0.0001836122638867,0.0401662049861495,0.0,0.0121600288541768,2480,150421
2480_165620,0.0001838609525654,0.0249307479224376,0.0,0.0075895409482705,2480,165620
2482_93118,0.9976412124971962,0.3379501385041551,0.3001277139208173,0.7299825404416459,2482,93118
2482_97409,0.9993705702946954,0.2229916897506925,0.2541507024265645,0.6919349193446814,2482,97409
2482_106168,0.999437795028463,0.3905817174515235,0.2005108556832694,0.7368882778208617,2482,106168
2492_93410,0.9981790540153452,0.1121883656509695,0.0191570881226053,0.6344796509167585,2492,93410
2496_93457,0.0989030362598349,0.0817174515235457,0.0127713920817369,0.0851341964211383,2496,93457
2537_95891,0.0013768677666984,0.0512465373961218,0.0102171136653895,0.0172217932453945,2537,95891
2537_96842,0.0029680877645899,0.0484764542936288,0.0076628352490421,0.0170900724717467,2537,96842
2537_98074,0.0002599662441457,0.0664819944598338,0.0319284802043422,0.0232934261048717,2537,98074
2537_101028,0.00027246861729,0.0650969529085872,0.0217113665389527,0.0218637036968454,2537,101028
2537_102384,0.0001831755837062,0.0983379501385041,0.0063856960408684,0.0302498599958617,2537,102384
2537_103870,0.0002281004015074,0.0637119113573407,0.0012771392081736,0.019378147568924,2537,103870
2537_108380,0.0002297799923122,0.0290858725761772,0.0191570881226053,0.010779338580501,2537,108380
2537_110844,0.000929538487712,0.0069252077562326,0.0,0.0026352854194969,2537,110844
2537_113003,0.0010351953012103,0.0526315789473684,0.0114942528735632,0.017560016152293,2537,113003
2537_115466,0.0001824837151858,0.0180055401662049,0.0025542784163473,0.0057665801206076,2537,115466
2537_117392,0.0010288706228212,0.0013850415512465,0.0,0.0010328348390666,2537,117392
2537_119239,0.0001948374392008,0.0332409972299168,0.0,0.0100892016324955,2537,119239
2537_120402,0.0016004797456805,0.0041551246537396,0.0,0.0022068252435301,2537,120402
2537_127655,0.0001830615014995,0.0235457063711911,0.0025542784163473,0.0074289766538917,2537,127655
2537_129737,0.0001826682463177,0.0152354570637118,0.0,0.0046802380669041,2537,129737
2537_133737,0.000230798483615,0.0,0.0,0.000138479090169,2537,133737
2537_139683,0.0001870239536448,0.0290858725761772,0.0,0.00883797614504,2537,139683
2537_149682,0.0001833667087757,0.0540166204986149,0.0025542784163473,0.0165704340164846,2537,149682
2537_157350,0.0033374139945479,0.0304709141274238,0.0063856960408684,0.0117822922390427,2537,157350
2537_165372,0.0012210753051262,0.0429362880886426,0.0102171136653895,0.0146352429762074,2537,165372
2537_167254,0.0009387224241731,0.056786703601108,0.0051085568326947,0.0181101002181057,2537,167254
2541_96151,0.0045951763985979,0.1288088642659279,0.0,0.0413997651189371,2541,96151
2541_105416,0.0003813887397468,0.1343490304709141,0.0,0.0405335423851223,2541,105416
2541_113502,0.0017542176181893,0.1440443213296398,0.0051085568326947,0.0447766826530749,2541,113502
2541_113625,0.0021144099667341,0.0983379501385041,0.0,0.0307700310215916,2541,113625
2543_96323,0.0024255385162457,0.0346260387811634,0.0357598978288633,0.0154191245269827,2543,96323
2562_97163,0.9965251748515956,0.020775623268698,0.003831417624521,0.6045309336540189,2562,97163
2635_101053,0.9941280723412196,0.203601108033241,0.0587484035759897,0.6634320161723031,2635,101053
2635_104245,0.998153390786883,0.2146814404432133,0.1289910600255427,0.6761955726076481,2635,104245
2635_137533,0.9973002833979672,0.2160664819944598,0.1392081736909323,0.6771209320062115,2635,137533
2635_139773,0.9987835555547055,0.1218836565096952,0.0459770114942528,0.6404329314351571,2635,139773
2635_145272,0.9971539471273316,0.1745152354570637,0.1277139208173691,0.663418330995255,2635,145272
2651_102068,0.4097282579158863,0.1662049861495844,0.0434227330779054,0.3000407239021976,2651,102068
2651_103266,0.2576967757158587,0.1108033240997229,0.0421455938697317,0.1920736220464052,2651,103266
2651_118252,0.2696378264086411,0.1011080332409972,0.0459770114942528,0.1967128069669091,2651,118252
2651_128686,0.5486109624178571,0.1177285318559556,0.0229885057471264,0.3667839875822136,2651,128686
2651_129358,0.4729129426727958,0.1163434903047091,0.0625798212005108,0.3249087948151413,2651,129358
2651_131330,0.4942747602722976,0.0858725761772853,0.0293742017879948,0.3252640491953636,2651,131330
2651_134566,0.3372814950252941,0.2160664819944598,0.0,0.2671888416135143,2651,134566
2651_145445,0.2591252373407705,0.0844875346260387,0.0025542784163473,0.1810768306339086,2651,145445
2659_102498,0.0245407329780162,0.0166204986149584,0.0012771392081736,0.0198383032921146,2659,102498
2661_102547,0.9996409173354734,0.3240997229916897,0.2464878671775223,0.7216632540165433,2661,102547
2680_103564,0.9972193614390245,0.2534626038781163,0.1877394636015325,0.6931443443870028,2680,103564
2685_103754,0.8151158224546037,0.2202216066481994,0.090676883780332,0.5642036638452552,2685,103754
2685_112425,0.9228785948681636,0.1163434903047091,0.0498084291187739,0.5936110469241882,2685,112425
2685_151310,0.9044539614834656,0.1412742382271468,0.0945083014048531,0.5945054784987086,2685,151310
2689_104058,0.9996067501895736,0.0,0.334610472541507,0.6332250973678948,2689,104058
2734_106844,0.0224078881908454,0.1952908587257617,0.0523627075351213,0.0772682612857478,2734,106844
2734_119201,0.1406729444498003,0.1246537396121883,0.0459770114942528,0.1263975897029619,2734,119201
2734_138209,0.0132550809466869,0.0941828254847645,0.0025542784163473,0.0364633240550762,2734,138209
2751_107817,0.999691965957728,0.5498614958448754,0.5057471264367815,0.8153483409717777,2751,107817
2751_118989,0.9997022437625754,0.4279778393351801,0.2528735632183908,0.7535020543799383,2751,118989
2751_122070,0.999606630203666,0.3670360110803324,0.2707535121328224,0.7369501326595815,2751,122070
2751_125697,0.9979182099032552,0.389196675900277,0.3001277139208173,0.7455227001041179,2751,125697
2751_136813,0.9976007074285714,0.3725761772853186,0.2439335887611749,0.734726636518856,2751,136813
2751_141461,0.9951797039951008,0.3947368421052631,0.2656449553001276,0.7420933705586522,2751,141461
2751_148354,0.9985062614233576,0.2645429362880886,0.1762452107279693,0.696091158813238,2751,148354
2751_159480,0.9995108176392252,0.2742382271468144,0.2222222222222222,0.7042001809498016,2751,159480
2751_166872,0.9996773042070116,0.3116343490304709,0.1890166028097062,0.7121983475143188,2751,166872
2756_108273,0.1214969388264687,0.2160664819944598,0.0868454661558109,0.1464026545098002,2756,108273
2756_112633,0.3863642414045366,0.1011080332409972,0.0421455938697317,0.2663655142019943,2756,112633
2756_118972,0.2228375469925398,0.2867036011080332,0.1877394636015325,0.238487554888087,2756,118972
2756_127015,0.2464356521402812,0.2105263157894736,0.1494252873563218,0.2259618147566429,2756,127015
2756_134755,0.4840336566835743,0.4570637119113573,0.1851851851851851,0.4460578261020702,2756,134755
2756_135147,0.1679632430154773,0.1468144044321329,0.1123882503192847,0.1560610921708547,2756,135147
2756_143520,0.2809060692871197,0.1565096952908587,0.0587484035759897,0.2213713905171284,2756,143520
2756_145929,0.0454789320713827,0.1426592797783933,0.1762452107279693,0.0877096642491445,2756,145929
2756_159532,0.1464861104678679,0.1994459833795013,0.1021711366538952,0.1579425749599606,2756,159532
2756_165934,0.275148800244368,0.1883656509695291,0.1915708812260536,0.2407560635600849,2756,165934
2756_167146,0.2392631177141803,0.0720221606648199,0.0,0.1651645188279541,2756,167146
2768_109073,0.0074845823953391,0.2146814404432133,0.0664112388250319,0.0755363054526706,2768,109073
2768_116454,0.0012020417058488,0.1011080332409972,0.0510855683269476,0.0361621918285031,2768,116454
2773_109485,0.9994899238018434,0.185595567867036,0.1966794380587484,0.6750405684470917,2773,109485
2788_110290,0.9997021063345864,0.8476454293628808,0.739463601532567,0.9280612527628728,2788,110290
2792_110406,0.0005978075262323,0.1274238227146814,0.0549169859514687,0.0440775299252906,2792,110406
2792_115084,0.0042826649719912,0.1468144044321329,0.0638569604086845,0.052999616353703,2792,115084
2792_118848,0.0056101388034743,0.1329639889196676,0.0485312899106002,0.0481084089490448,2792,118848
2792_124189,0.0002166413388821,0.1274238227146814,0.0383141762452107,0.0421885492422547,2792,124189
2792_126100,0.0058660447407585,0.149584487534626,0.0753512132822477,0.0559300944330676,2792,126100
2792_127183,0.0069340069887935,0.1509695290858725,0.0498084291187739,0.0544321058309152,2792,127183
2792_135838,0.0014567267339389,0.1939058171745152,0.0791826309067688,0.0669640442833947,2792,135838
2792_137995,0.0047362554518424,0.1759002770083102,0.0983397190293741,0.0654458082765359,2792,137995
2792_139843,0.0043089635506068,0.077562326869806,0.0127713920817369,0.0271312153994795,2792,139843
2792_142600,0.0038758317993143,0.1509695290858725,0.0280970625798211,0.0504260640633324,2792,142600
2792_144990,0.0102064120688469,0.1523545706371191,0.1021711366538952,0.0620473320978333,2792,144990
2792_148556,0.0012945676384136,0.0706371191135734,0.0344827586206896,0.0254161521791891,2792,148556
2812_111584,0.9994456363345195,0.2894736842105263,0.3090676883780331,0.7174162559016729,2812,111584
2818_111814,0.0330772497839633,0.0886426592797784,0.0421455938697317,0.0506537070412846,2818,111814
2818_125018,0.004955139412654,0.1177285318559556,0.0,0.038291643204379,2818,125018
2818_127341,0.0001832357587913,0.1592797783933518,0.0076628352490421,0.0486601584981845,2818,127341
2818_130995,0.0014777217384872,0.0664819944598338,0.0,0.0208312313810424,2818,130995
2828_112677,0.9994181603030304,0.2354570637119113,0.1800766283524904,0.6882956781306406,2828,112677
2828_114310,0.9631036753846154,0.2880886426592797,0.0434227330779054,0.6686310713363437,2828,114310
2845_114050,0.0001929698657556,0.1426592797783933,0.0332056194125159,0.0462341277942229,2845,114050
2845_114071,0.0212021023729565,0.1440443213296398,0.0498084291187739,0.0609154007345432,2845,114071
2855_114552,0.0076449111817041,0.113573407202216,0.0063856960408684,0.039297538473774,2855,114552
2895_116710,0.0034523511212471,0.2008310249307479,0.1008939974457215,0.0724101178965447,2895,116710
2895_116842,0.0008034854509113,0.149584487534626,0.0600255427841634,0.0513599918093509,2895,116842
2895_117002,0.0038575095226173,0.2673130193905817,0.10727969348659,0.0932363808794038,2895,117002
2895_118770,0.0028687053593682,0.242382271468144,0.123882503192848,0.0868241549753489,2895,118770
2895_122477,0.0026152133426708,0.1994459833795013,0.0855683269476372,0.0699597557142165,2895,122477
2895_134661,0.005696811143324,0.1952908587257617,0.0817369093231162,0.0701790352360345,2895,134661
2895_150951,0.0001831866033931,0.1952908587257617,0.1430395913154533,0.0730011287113097,2895,150951
2895_153172,0.000985745411556,0.2285318559556786,0.0830140485312899,0.0774524088867661,2895,153172
2895_155026,0.0070093770754383,0.2216066481994459,0.1021711366538952,0.0809047343704862,2895,155026
2895_159563,0.0069704493587591,0.167590027700831,0.1047254150702426,0.064931819432529,2895,159563
2895_164223,0.0080820798046125,0.1648199445983379,0.0664112388250319,0.060936355144772,2895,164223
2896_116723,0.7672564067468259,0.6481994459833795,0.7292464878671774,0.7277383266298272,2896,116723
2896_116915,0.6707915902804081,0.6218836565096952,0.6385696040868454,0.6528970115298379,2896,116915
2896_117063,0.9548408176110588,0.724376731301939,0.6015325670498083,0.8503707666621978,2896,117063
2896_117226,0.7502548610935793,0.6634349030470914,0.6079182630906768,0.7099752138793426,2896,117226
2896_127444,0.7890916245545772,0.3545706371191136,0.5376756066411239,0.6335937265325927,2896,127444
2896_149574,0.7467771678681805,0.6343490304709141,0.5057471264367815,0.6889457225058607,2896,149574
2896_154846,0.9579124619440652,0.5429362880886427,0.5440613026819923,0.7920344938612311,2896,154846
2905_117172,0.9993367446180556,0.4972299168975069,0.3869731800766283,0.7874683398477482,2905,117172
2920_117810,0.9991531231304348,0.2950138504155125,0.1928480204342273,0.7072808310463373,2920,117810
2945_118999,0.0015893031939691,0.1024930747922437,0.003831417624521,0.0320846461165066,2945,118999
2963_119968,0.010949211159098,0.0595567867036011,0.0089399744572158,0.0253305601522607,2963,119968
2997_122164,0.9248059684377836,0.1121883656509695,0.0242656449553001,0.590966655253491,2997,122164
2997_125114,0.909298086023578,0.0831024930747922,0.0178799489144316,0.5722975944280276,2997,125114
2997_125301,0.8877316372553683,0.2825484764542936,0.1404853128991059,0.6314520565794196,2997,125301
3017_123358,0.0049057556567279,0.113573407202216,0.0191570881226053,0.038931184366962,3017,123358
3017_123436,0.0012521017790649,0.0734072022160664,0.0191570881226053,0.0246891305445193,3017,123436
3056_125389,0.9996682832136106,0.2202216066481994,0.1315453384418901,0.6790219857668152,3056,125389
3056_130465,0.999698271574074,0.299168975069252,0.3001277139208173,0.7195824268573017,3056,130465
3078_126726,0.992990362651155,0.1232686980609418,0.0229885057471264,0.6350736775836882,3078,126726
3078_126855,0.990097468451012,0.0983379501385041,0.0229885057471264,0.6258587166868711,3078,126855
3089_127556,0.0280696350521761,0.1080332409972299,0.0613026819923371,0.0553820215297083,3089,127556
3097_128077,0.9953474036190556,0.3282548476454293,0.2349936143039591,0.719184257895458,3097,128077
3097_128114,0.9978500846038292,0.2409972299168974,0.2222222222222222,0.693231441959589,3097,128114
3101_128204,0.006559163234044,0.0831024930747922,0.0140485312899105,0.0302710989918551,3101,128204
3101_138803,0.0023401091053296,0.0318559556786703,0.0012771392081736,0.0110885660876162,3101,138803
3101_140562,0.0002834004583944,0.0941828254847645,0.0,0.0284248879204659,3101,140562
3101_142267,0.0023113327302909,0.0831024930747922,0.0063856960408684,0.026956117164699,3101,142267
3101_143932,0.0009761370807451,0.0900277008310249,0.0,0.0275939924977545,3101,143932
3101_145494,0.005207380650585,0.1038781163434903,0.0063856960408684,0.0349264328974849,3101,145494
3101_147434,0.0002602410178609,0.0484764542936288,0.0114942528735632,0.0158485061861614,3101,147434
3128_129602,0.997063485137004,0.3185595567867036,0.318007662835249,0.7256067244017383,3128,129602
3128_130682,0.9995354343023256,0.3268698060941828,0.3499361430395913,0.7327758167136093,3128,130682
3128_142015,0.999526658098472,0.3587257617728532,0.2758620689655172,0.7349199302874907,3128,142015
3137_130256,0.0032218552214308,0.1966759002770083,0.0178799489144316,0.0627238781074041,3137,130256
3137_134707,0.0105492040102465,0.1648199445983379,0.0651340996168582,0.062288915747335,3137,134707
3137_138391,0.0047873443606327,0.1481994459833795,0.0217113665389527,0.0495033770652887,3137,138391
3137_143296,0.0003818014953523,0.1828254847645429,0.0715197956577266,0.0622287058923469,3137,143296
3137_146794,0.0303146036359999,0.2534626038781163,0.0893997445721583,0.1031675178022506,3137,146794
3137_148607,0.020285040087585,0.1218836565096952,0.0268199233716475,0.0514181133426243,3137,148607
3137_154919,0.0002706680003411,0.1814404432132964,0.0140485312899105,0.0559993868931846,3137,154919
3210_132833,0.993850610659476,0.4570637119113573,0.3320561941251596,0.7666350993816088,3210,132833
3210_137424,0.9996245881671554,0.4196675900277008,0.3397190293742018,0.7596469328460236,3210,137424
3210_142152,0.9996137050625,0.4155124653739612,0.3933588761174967,0.763757850261438,3210,142152
3210_161286,0.999514262760989,0.275623268698061,0.2183908045977011,0.7042346187257817,3210,161286
3210_166202,0.9984795574683544,0.2728531855955678,0.2081736909323116,0.7017610592529141,3210,166202
3232_133919,0.998040114696398,0.2354570637119113,0.090676883780332,0.6785288763094454,3232,133919
3249_134644,0.9938700015503842,0.0886426592797784,0.0408684546615581,0.6270016441803198,3249,134644
3250_134718,0.9989514977505112,0.335180055401662,0.0587484035759897,0.7057997556284042,3250,134718
3251_134735,0.998146593629139,0.095567867036011,0.0102171136653895,0.6285800276548256,3251,134735
3269_135382,0.0093657077748148,0.278393351800554,0.0830140485312899,0.097438835058184,3269,135382
3275_135628,0.0022974701766666,0.1204986149584487,0.0255427841634738,0.0400823450098819,3275,135628
3280_135793,0.0125179726678147,0.170360110803324,0.0140485312899105,0.060023669970677,3280,135793
3294_136178,0.0040742626159916,0.1204986149584487,0.0076628352490421,0.0393604255820337,3294,136178
3295_136188,0.0135553261446987,0.1509695290858725,0.0229885057471264,0.0557229049872936,3295,136188
3295_136200,0.0378015810834831,0.1163434903047091,0.0,0.0575839957415025,3295,136200
3316_136794,0.0110531674120783,0.1634349030470914,0.0472541507024265,0.060387786431617,3316,136794
3332_137255,0.010344733814025,0.1481994459833795,0.0306513409961685,0.0537318081830456,3332,137255
3332_138097,0.0238468044904804,0.1343490304709141,0.090676883780332,0.0636804802135956,3332,138097
3332_141320,0.0164863547009513,0.1343490304709141,0.0421455938697317,0.0544110813488181,3332,141320
3332_159293,0.0006279618472477,0.0470914127423822,0.0,0.0145042009310632,3332,159293
3332_163098,0.0001901804371794,0.0,0.0,0.0001141082623076,3332,163098
3375_138681,0.0023649256118303,0.2077562326869806,0.0830140485312899,0.0720472300263213,3375,138681
3386_139167,0.999090092602378,0.1108033240997229,0.090676883780332,0.6417627411693769,3386,139167
3406_140173,0.0053553131066735,0.167590027700831,0.0051085568326947,0.0540010518575228,3406,140173
3412_140718,0.0002386432887674,0.0263157894736842,0.0153256704980842,0.0095704898651741,3412,140718
3413_140732,0.0026719586008097,0.1745152354570637,0.0957854406130268,0.0635362898589076,3413,140732
3432_141806,0.0138911529906197,0.0983379501385041,0.0051085568326947,0.0383469325191925,3432,141806
3432_144006,0.009314305861327,0.0817174515235457,0.0178799489144316,0.031891813865303,3432,144006
3432_152034,0.0057892836435164,0.0664819944598338,0.0076628352490421,0.0241844520489641,3432,152034
3505_145386,0.9996351349339208,0.2839335180055401,0.2260536398467433,0.7075665003466889,3505,145386
3507_145453,0.9993094892840096,0.1163434903047091,0.0306513409961685,0.6375538747614353,3507,145453
3519_145969,0.9985236693378882,0.3767313019390582,0.4521072796934864,0.7573443201537989,3519,145969
3519_146347,0.9997041736883407,0.3781163434903047,0.6424010217113664,0.7774975094312324,3519,146347
3519_148314,0.999704312,0.2977839335180055,0.3358876117496807,0.7227465284303697,3519,148314
3519_148571,0.9997035327272727,0.5401662049861496,0.5644955300127714,0.8183215341334857,3519,148571
3519_153113,0.9995856335322776,0.4515235457063712,0.5351213282247765,0.7887205766537556,3519,153113
3519_157441,0.999703648173913,0.3905817174515235,0.4878671775223498,0.7657834218920399,3519,157441
3519_160917,0.9996796988699878,0.4667590027700831,0.5734355044699873,0.7971790706000162,3519,160917
3519_166567,0.9996591580196628,0.4944598337950139,0.6883780332056194,0.8169712482708638,3519,166567
3525_146329,0.0019939095502249,0.2174515235457063,0.0255427841634738,0.0689860812101942,3525,146329
3542_147412,0.2804824347334198,0.1994459833795013,0.0791826309067688,0.2360415189445791,3542,147412
3542_149292,0.00212021533625,0.8601108033240997,0.0,0.2593053701989799,3542,149292
3542_157192,0.730437224696375,0.1786703601108033,0.0779054916985951,0.4996539920209254,3542,157192
3542_159751,0.369538143831313,0.1759002770083102,0.0472541507024265,0.2792183844715235,3542,159751
3547_147740,0.0079553320343937,0.0332409972299168,0.0280970625798211,0.0175552046475933,3547,147740
3547_149476,0.0031287216688904,0.2409972299168974,0.1251596424010217,0.0866923662165056,3547,149476
3558_148375,0.0039892011639595,0.1163434903047091,0.0664112388250319,0.0439376916722916,3558,148375
3558_151754,0.0056742841800194,0.1066481994459833,0.0306513409961685,0.0384641644414234,3558,151754
3558_157333,0.0096516174731826,0.1052631578947368,0.074074074074074,0.044777325259738,3558,157333
3558_163586,0.013711437506338,0.0193905817174515,0.0268199233716475,0.016726029356203,3558,163586
3558_165280,0.0226090337742694,0.1218836565096952,0.0727969348659003,0.0574102107040602,3558,165280
3560_148430,0.9983986826953404,0.2686980609418282,0.0855683269476372,0.6882054605945164,3560,148430
3585_149565,0.9984780465209988,0.4903047091412742,0.4840357598978288,0.7945818166447643,3585,149565
3585_152730,0.9997030804196644,0.3822714681440444,0.5721583652618135,0.7717191252211932,3585,152730
3585_156682,0.99965470173516,0.4473684210526316,0.4393358876117496,0.7779369361180604,3585,156682
3585_156877,0.9996997103968254,0.4958448753462604,0.40485312899106,0.7890586017410792,3585,156877
3585_162175,0.9997026633280256,0.7008310249307479,0.6551724137931034,0.87558814685535,3585,162175
3590_149859,0.0042374313684042,0.2202216066481994,0.0421455938697317,0.0728235002024755,3590,149859
3590_152213,0.0002213388666832,0.1731301939058171,0.0983397190293741,0.0619058333946924,3590,152213
3611_150752,0.0040977896516091,0.3005540166204986,0.2439335887611749,0.1170182376532325,3611,150752
3611_155043,0.0002816606236882,0.4875346260387811,0.4814814814814814,0.1945775323339953,3611,155043
3611_163958,0.0243119533910543,0.4279778393351801,0.3818646232439335,0.1811669861595799,3611,163958
3625_151723,0.9996996377486912,0.3296398891966758,0.3588761174968071,0.734599361157898,3625,151723
3625_161235,0.9932080285714286,0.2437673130193905,0.0,0.6690550110486744,3625,161235
3639_152497,0.9965175567542696,0.1592797783933518,0.0446998722860791,0.6501644547991752,3639,152497
3653_152923,0.909401408733168,0.1994459833795013,0.0395913154533844,0.6094337717990896,3653,152923
3653_153450,0.940190711540012,0.2770083102493075,0.1430395913154533,0.6615208791303447,3653,153450
3653_157261,0.8863380666295493,0.2174515235457063,0.0676883780332056,0.6038071348447621,3653,157261
3665_153545,0.9982828129125364,0.2590027700831024,0.1813537675606641,0.6948058955285189,3665,153545
3667_153600,0.9995425611316114,0.2742382271468144,0.2286079182630906,0.7048577966493202,3667,153600
3693_154379,0.9969293645344388,0.2257617728531856,0.0408684546615581,0.6699729960427747,3693,154379
3703_154789,0.9916115353163216,0.0692520775623268,0.0063856960408684,0.6163811140625779,3703,154789
3716_155275,0.9996991331521738,0.3573407202216067,0.3243933588761175,0.7394610318453979,3716,155275
3716_155281,0.9888865489772728,0.652354570637119,0.5759897828863346,0.8466372788661328,3716,155281
3723_155603,0.994769121447028,0.3171745152354571,0.3090676883780331,0.7229205962766572,3723,155603
3735_156030,0.0123394324382789,0.1163434903047091,0.0472541507024265,0.0470321216246227,3735,156030
3735_157496,0.0110876878737205,0.2645429362880886,0.0881226053639846,0.0948277541470573,3735,157496
3735_160396,0.0002049354885714,0.0,0.0,0.0001229612931428,3735,160396
3735_163651,0.0116141567676666,0.1994459833795013,0.0485312899106002,0.0716554180655103,3735,163651
3754_156707,0.00018608337,0.185595567867036,0.1787994891443167,0.0736702692965424,3754,156707
3755_156737,0.9994932473552124,0.3448753462603878,0.1481481481481481,0.7179733671060586,3755,156737
3759_157035,0.998467485994956,0.3864265927977839,0.3052362707535121,0.74553209651166,3759,157035
3759_157046,0.9996291750266668,0.3545706371191136,0.4112388250319285,0.7472725786549269,3759,157046
3763_157110,0.698172011439935,0.4265927977839335,0.5478927203065134,0.6016703182297923,3763,157110
3763_161237,0.7944910994433656,0.4529085872576178,0.4916985951468709,0.6617370953579917,3763,161237
3763_163631,0.8188307092307692,0.7825484764542936,0.7943805874840356,0.8055010272231531,3763,163631
3763_164862,0.8200616612424422,0.5346260387811635,0.5070242656449552,0.7031272349443098,3763,164862
3780_157613,0.9993221255563284,0.1398891966759002,0.1277139208173691,0.654331426418304,3780,157613
3784_157680,0.9896255143828124,0.4944598337950139,0.2005108556832694,0.7621643443365185,3784,157680
3785_157738,0.9977568039272352,0.2077562326869806,0.1200510855683269,0.6729860607192679,3785,157738
3800_158285,0.9985182069592088,0.2119113573407202,0.1098339719029374,0.673667728568035,3800,158285
3802_158308,0.9926662359251304,0.1191135734072022,0.0,0.6313338135772388,3802,158308
3810_158494,0.0073073088934023,0.1177285318559556,0.0459770114942528,0.0443006460422533,3810,158494
3810_158675,0.0002943538997444,0.0470914127423822,0.0114942528735632,0.0154534614499176,3810,158675
3816_158814,0.9986109232237445,0.6274238227146813,0.6219667943805874,0.8495903801867098,3816,158814
3817_158891,0.99580503689819,0.1731301939058171,0.0446998722860791,0.6538920675392671,3817,158891
3833_159575,0.9984324125939552,0.371191135734072,0.268199233716475,0.7372367116482422,3833,159575
3854_160445,0.998426544058505,0.2673130193905817,0.1315453384418901,0.6924043660964665,3854,160445
3862_160792,0.998652807745946,0.1565096952908587,0.090676883780332,0.6552122816128584,3862,160792
3863_160807,0.0142395537516302,0.2008310249307479,0.0344827586206896,0.0722413155922714,3863,160807
3866_160899,0.9996935888939392,0.3462603878116343,0.3371647509578543,0.7374107447756393,3866,160899
3866_166204,0.9996950814983714,0.3199445983379501,0.2796934865900383,0.7237697770594116,3866,166204
3872_161210,0.9994122450702811,0.3988919667590027,0.3767560664112387,0.7569905437109934,3872,161210
3872_161224,0.9995749743239436,0.6191135734072022,0.7356321839080457,0.8590422750073313,3872,161224
3885_161743,0.0424515655628205,0.0969529085872576,0.0076628352490421,0.0553230954387737,3885,161743
3885_162177,0.0383144940635294,0.113573407202216,0.0102171136653895,0.0580824299653213,3885,162177
3885_164577,0.0204557696970566,0.1343490304709141,0.0421455938697317,0.0567927303464813,3885,164577
3885_164584,0.0200918905312403,0.1024930747922437,0.0051085568326947,0.0433139124396867,3885,164584
3894_162181,0.0149712330848209,0.0512465373961218,0.0089399744572158,0.0252506985154506,3894,162181
3917_163022,0.999681618409091,1.0,1.0,0.9998089710454546,3917,163022
3961_164203,0.9972904398857144,0.2229916897506925,0.1098339719029374,0.6762551680469302,3961,164203
3961_164825,0.9856191231106468,0.1911357340720221,0.1379310344827586,0.6625052975362706,3961,164825
3962_164246,0.0163772411321612,0.0858725761772853,0.003831417624521,0.0359712592949344,3962,164246
3963_164265,0.9963370189184652,0.5595567867036012,0.4584929757343549,0.8115185449355948,3963,164265
3964_164338,0.993309566719298,0.1745152354570637,0.10727969348659,0.659068280017357,3964,164338
3964_164352,0.9985498860985798,0.1592797783933518,0.0996168582375478,0.6568755510009082,3964,164352
3986_165240,0.999324798062992,0.3545706371191136,0.2707535121328224,0.7330414211868115,3986,165240
3998_165601,0.9994693081829732,0.4445983379501385,0.4955300127713919,0.7826140875719646,3998,165601
4014_166308,0.012854884959823,0.092797783933518,0.0166028097062579,0.0372125471265749,4014,166308
4026_166703,0.0927047543113448,0.2229916897506925,0.0779054916985951,0.1303109086818741,4026,166703
4040_167040,0.9996844437113402,0.3559556786703601,0.4112388250319285,0.747721252331105,4040,167040
4043_167174,0.997981927465704,0.2908587257617728,0.2388250319284802,0.7099292774008022,4043,167174
