filename,weighted,book_id,title,aid,vid
3917_163022,0.9967824330430194,3917,志乃与恋 Future,3917,163022
2788_110290,0.9281482974245268,2788,将放言说不会输的高颜值女孩，全力征服的百合故事,2788,110290
3763_163631,0.9137918541462302,3763,心上人的妹妹(我心爱之人的妹妹),3763,163631
3585_162175,0.8757091766005728,3585,败给性格恶劣的天才儿时玩伴，初体验全部被她夺走(败给了性格恶劣的天才青梅，初体验全部被夺走这件事),3585,162175
3542_149292,0.8579891274972299,3542,CARNEADES,3542,149292
3816_158814,0.8489751650558192,3816,猫之山宁宁子是猫族,3816,158814
3872_161224,0.8433611078613596,3872,人妻教师被班里的女高中生迷的神魂颠倒的故事,3872,161224
2896_117063,0.8320960316789046,2896,将放言说女生之间不可能的女孩子，在百日之内彻底攻陷的百合故事,2896,117063
3519_148571,0.8184523485797667,3519,我买下了与她的每周密会～以五千圆为借口，共度两人时光～(一周一次买下同班同学的那些事),3519,148571
3519_166567,0.8161696215489536,3519,我买下了与她的每周密会～以五千圆为借口，共度两人时光～(一周一次买下同班同学的那些事),3519,166567
2751_107817,0.8153962483244855,2751,我们不可能成为恋人！绝对不行。(※似乎可行？)（我怎么可能成为你的恋人，不行不行！）,2751,107817
3963_164265,0.799350367253766,3963,摩卡奇诺-小学生百合短篇集-,3963,164265
3519_160917,0.7973065450981937,3519,我买下了与她的每周密会～以五千圆为借口，共度两人时光～(一周一次买下同班同学的那些事),3519,160917
3763_164862,0.7941463486051776,3763,心上人的妹妹(我心爱之人的妹妹),3763,164862
3585_149565,0.7927517636455589,3585,败给性格恶劣的天才儿时玩伴，初体验全部被她夺走(败给了性格恶劣的天才青梅，初体验全部被夺走这件事),3585,149565
3585_156877,0.7891535910664762,3585,败给性格恶劣的天才儿时玩伴，初体验全部被她夺走(败给了性格恶劣的天才青梅，初体验全部被夺走这件事),3585,156877
3519_153113,0.7888699642518067,3519,我买下了与她的每周密会～以五千圆为借口，共度两人时光～(一周一次买下同班同学的那些事),3519,153113
1020_29857,0.7853724052484429,1020,384403km 绑架你到月球,1020,29857
2099_75597,0.784490172179009,2099,Aster girl（紫菀少女）,2099,75597
2905_117172,0.7825094800859148,2905,被百合夹击的女子有罪吗？(夹在百合中间的女人，有罪吗？),2905,117172
3763_161237,0.7814851307765793,3763,心上人的妹妹(我心爱之人的妹妹),3763,161237
3585_156682,0.7780550511865534,3585,败给性格恶劣的天才儿时玩伴，初体验全部被她夺走(败给了性格恶劣的天才青梅，初体验全部被夺走这件事),3585,156682
3519_146347,0.7776297076733849,3519,我买下了与她的每周密会～以五千圆为借口，共度两人时光～(一周一次买下同班同学的那些事),3519,146347
3998_165601,0.7742355841656653,3998,班上的公主是我的小狗,3998,165601
3585_152730,0.771848470480186,3585,败给性格恶劣的天才儿时玩伴，初体验全部被她夺走(败给了性格恶劣的天才青梅，初体验全部被夺走这件事),3585,152730
3519_157441,0.7659000216734063,3519,我买下了与她的每周密会～以五千圆为借口，共度两人时光～(一周一次买下同班同学的那些事),3519,157441
3519_145969,0.7581268954752897,3519,我买下了与她的每周密会～以五千圆为借口，共度两人时光～(一周一次买下同班同学的那些事),3519,145969
3763_157110,0.7560346244902338,3763,心上人的妹妹(我心爱之人的妹妹),3763,157110
2756_134755,0.7552864334895161,2756,转生公主与天才千金的魔法革命(转生王女与天才千金的魔法革命),2756,134755
2751_118989,0.7536234325268197,2751,我们不可能成为恋人！绝对不行。(※似乎可行？)（我怎么可能成为你的恋人，不行不行！）,2751,118989
3872_161210,0.7504977704587071,3872,人妻教师被班里的女高中生迷的神魂颠倒的故事,3872,161210
2468_144039,0.7499377171629593,2468,里世界远足(里世界郊游),2468,144039
2751_125697,0.7434634266293221,2751,我们不可能成为恋人！绝对不行。(※似乎可行？)（我怎么可能成为你的恋人，不行不行！）,2751,125697
2751_141461,0.7419136348054559,2751,我们不可能成为恋人！绝对不行。(※似乎可行？)（我怎么可能成为你的恋人，不行不行！）,2751,141461
4040_167040,0.7377117993261977,4040,夏天的少女归来了,4040,167040
3866_160899,0.7373908686392757,3866,与她女友的不纯初恋,3866,160899
2751_122070,0.7358657657440418,2751,我们不可能成为恋人！绝对不行。(※似乎可行？)（我怎么可能成为你的恋人，不行不行！）,2751,122070
3128_142015,0.7344566337985264,3128,我的初恋对象与人接吻了,3128,142015
3625_151723,0.7322702864478327,3625,捡到小猫，我也仅是小猫,3625,151723
3128_130682,0.7320487908008185,3128,我的初恋对象与人接吻了,3128,130682
3833_159575,0.7298831893020794,3833,在放学后的教室里，恋爱浮现,3833,159575
2751_136813,0.7291418297314586,2751,我们不可能成为恋人！绝对不行。(※似乎可行？)（我怎么可能成为你的恋人，不行不行！）,2751,136813
2482_106168,0.7288504995495791,2482,终将成为你 关于佐伯沙弥香(终将成为你 佐伯沙弥香的追忆),2482,106168
3866_166204,0.7239090704796071,3866,与她女友的不纯初恋,3866,166204
3519_148314,0.7228797211062319,3519,我买下了与她的每周密会～以五千圆为借口，共度两人时光～(一周一次买下同班同学的那些事),3519,148314
124_19645,0.721516404345942,124,惊爆草莓,124,19645
3056_130465,0.7197153206906352,3056,截稿日之前，百合的进度特别快,3056,130465
2291_84182,0.718677828542024,2291,少女妄想中,2291,84182
3097_128077,0.717165490884676,3097,无法忘怀的魔女故事(无法忘却的魔女物语),3097,128077
3128_129602,0.7167353383858381,3128,我的初恋对象与人接吻了,3128,129602
2482_93118,0.7166191898783749,2482,终将成为你 关于佐伯沙弥香(终将成为你 佐伯沙弥香的追忆),2482,93118
452_16680,0.7135381864712734,452,菖蒲的少女革命！,452,16680
124_6298,0.7125064958322707,124,惊爆草莓,124,6298
3755_156737,0.7103402819029003,3755,碱性劣等生,3755,156737
2451_127924,0.7102325863534134,2451,「凭你也想讨伐魔王？」被勇者小队逐出队伍，只好在王都自在过活(你这种家伙别想打赢魔王),2451,127924
2751_166872,0.7095471219169901,2751,我们不可能成为恋人！绝对不行。(※似乎可行？)（我怎么可能成为你的恋人，不行不行！）,2751,166872
3723_155603,0.7087490524014016,3723,她她,3723,155603
452_19357,0.7024114703649246,452,菖蒲的少女革命！,452,19357
2751_159480,0.7010469615709409,2751,我们不可能成为恋人！绝对不行。(※似乎可行？)（我怎么可能成为你的恋人，不行不行！）,2751,159480
2756_118972,0.7001405716562875,2756,转生公主与天才千金的魔法革命(转生王女与天才千金的魔法革命),2756,118972
929_26654,0.6989774012560339,929,心生研究社,929,26654
2997_125301,0.698711433468304,2997,人类的时代结束了，但肚子还是会饿吗？,2997,125301
3784_157680,0.6981024583333545,3784,我发现了小小的百合,3784,157680
667_19434,0.6965934956763671,667,野花——在那花不开的世界,667,19434
2920_117810,0.69623254990932,2920,最后的蓝(End Blue),2920,117810
3653_153450,0.6950530613953411,3653,区区平民竟敢这么嚣张！,3653,153450
1683_160185,0.6909725680800096,1683,安达与岛村,1683,160185
1683_159554,0.6899484797482995,1683,安达与岛村,1683,159554
3665_153545,0.6898673695357901,3665,你以为我的百合人设只是商业卖点？,3665,153545
2751_148354,0.6895924511936687,2751,我们不可能成为恋人！绝对不行。(※似乎可行？)（我怎么可能成为你的恋人，不行不行！）,2751,148354
3097_128114,0.6891309812285963,3097,无法忘怀的魔女故事(无法忘却的魔女物语),3097,128114
2896_116723,0.6886089722318,2896,将放言说女生之间不可能的女孩子，在百日之内彻底攻陷的百合故事,2896,116723
2291_106328,0.6882127881973047,2291,少女妄想中,2291,106328
1683_72353,0.6881020779087204,1683,安达与岛村,1683,72353
1683_72363,0.688026400261013,1683,安达与岛村,1683,72363
452_26034,0.6873650967885194,452,菖蒲的少女革命！,452,26034
3854_160445,0.6863013007441111,3854,鹿乃江同学的左手,3854,160445
1698_57756,0.6855481053334688,1698,幽灵列车与金平糖,1698,57756
3560_148430,0.6841171030977421,3560,回忆重叠的乐园战场。接着两人，拿起了武器(少女执利兵于手，相战于交织希望的乐园战场),3560,148430
2482_97409,0.6833872141228229,2482,终将成为你 关于佐伯沙弥香(终将成为你 佐伯沙弥香的追忆),2482,97409
2131_82072,0.6807869038048737,2131,为了拯救世界的那一天─Qualidea Code─(为了终有一天能拯救世界),2131,82072
1115_33942,0.6799855498775691,1115,魔法少女小圆,1115,33942
3505_145386,0.679076460694098,3505,焦点深度,3505,145386
2635_137533,0.6775885266104413,2635,我的推是坏人大小姐(我推是反派大小姐),2635,137533
3056_125389,0.6757732891421042,3056,截稿日之前，百合的进度特别快,3056,125389
124_19644,0.6752364735717091,124,惊爆草莓,124,19644
2756_165934,0.6735878844780707,2756,转生公主与天才千金的魔法革命(转生王女与天才千金的魔法革命),2756,165934
655_19379,0.6732235433150532,655,simoun 祈舞,655,19379
655_19381,0.6728534515933817,655,simoun 祈舞,655,19381
2756_127015,0.6702602366470839,2756,转生公主与天才千金的魔法革命(转生王女与天才千金的魔法革命),2756,127015
1683_148767,0.6701862728053702,1683,安达与岛村,1683,148767
2468_129551,0.6701497801698193,2468,里世界远足(里世界郊游),2468,129551
3625_161235,0.6695836194568376,3625,捡到小猫，我也仅是小猫,3625,161235
2773_109485,0.6693960251224983,2773,野花通信(野野小花通信),2773,109485
2896_149574,0.6675300449589131,2896,将放言说女生之间不可能的女孩子，在百日之内彻底攻陷的百合故事,2896,149574
2896_154846,0.6661803426628792,2896,将放言说女生之间不可能的女孩子，在百日之内彻底攻陷的百合故事,2896,154846
3232_133919,0.6661509830391538,3232,魔女的宠爱,3232,133919
677_19543,0.6661405109812261,677,神明大人会把笑心○○○？,677,19543
1683_57157,0.6653964712403101,1683,安达与岛村,1683,57157
1683_117332,0.6653353398191879,1683,安达与岛村,1683,117332
3542_147412,0.6653162652831532,3542,CARNEADES,3542,147412
2635_101053,0.6643173560847764,2635,我的推是坏人大小姐(我推是反派大小姐),2635,101053
2468_115960,0.6642353232429331,2468,里世界远足(里世界郊游),2468,115960
3961_164203,0.663794577974162,3961,异界扫灭的战斗女仆,3961,164203
2756_159532,0.6637537179710968,2756,转生公主与天才千金的魔法革命(转生王女与天才千金的魔法革命),2756,159532
2635_145272,0.662986288175475,2635,我的推是坏人大小姐(我推是反派大小姐),2635,145272
677_43406,0.6612439335964178,677,神明大人会把笑心○○○？,677,43406
3653_152923,0.6608885260377253,3653,区区平民竟敢这么嚣张！,3653,152923
1683_99285,0.6607477631063007,1683,安达与岛村,1683,99285
2896_116915,0.6606247816948894,2896,将放言说女生之间不可能的女孩子，在百日之内彻底攻陷的百合故事,2896,116915
2651_134566,0.6605508371277499,2651,处刑少女的生存之道,2651,134566
2464_92235,0.6599980743755773,2464,无法成为神明的少女,2464,92235
298_17775,0.6596867669141596,298,卡莲坂高中可爱广播社,298,17775
2468_122234,0.6593725230448122,2468,里世界远足(里世界郊游),2468,122234
2635_104245,0.6584322020253386,2635,我的推是坏人大小姐(我推是反派大小姐),2635,104245
2756_108273,0.6582741501524503,2756,转生公主与天才千金的魔法革命(转生王女与天才千金的魔法革命),2756,108273
3653_157261,0.6578365691478204,3653,区区平民竟敢这么嚣张！,3653,157261
1683_72409,0.6565289407819472,1683,安达与岛村,1683,72409
499_18026,0.6563655625772052,499,香草追击 A sweet partner,499,18026
3693_154379,0.6553923566372772,3693,在这得说猫语,3693,154379
2451_91489,0.654790777328529,2451,「凭你也想讨伐魔王？」被勇者小队逐出队伍，只好在王都自在过活(你这种家伙别想打赢魔王),2451,91489
2896_127444,0.6534873243645583,2896,将放言说女生之间不可能的女孩子，在百日之内彻底攻陷的百合故事,2896,127444
1115_33933,0.6530851283770328,1115,魔法少女小圆,1115,33933
1683_72396,0.652074572320397,1683,安达与岛村,1683,72396
3542_157192,0.6515681758236399,3542,CARNEADES,3542,157192
806_21516,0.6508265197516447,806,红线 绊之记忆,806,21516
3964_164338,0.6506107492555187,3964,双星·飓风·离乡人,3964,164338
894_24103,0.6506052980448302,894,紫色的Qualia,894,24103
3964_164352,0.6500714165619258,3964,双星·飓风·离乡人,3964,164352
2131_77090,0.6499745027799664,2131,为了拯救世界的那一天─Qualidea Code─(为了终有一天能拯救世界),2131,77090
1729_68779,0.6497853571433528,1729,IDOLISING偶像擂台！,1729,68779
2451_164214,0.6490083960314784,2451,「凭你也想讨伐魔王？」被勇者小队逐出队伍，只好在王都自在过活(你这种家伙别想打赢魔王),2451,164214
2468_114701,0.6485926144847446,2468,里世界远足(里世界郊游),2468,114701
2756_135147,0.6483463107527778,2756,转生公主与天才千金的魔法革命(转生王女与天才千金的魔法革命),2756,135147
2468_114697,0.6475991728805346,2468,里世界远足(里世界郊游),2468,114697
3800_158285,0.6473658289494237,3800,魔女们的选择 两位魔女的英雄史诗,3800,158285
2651_102068,0.6467396519621457,2651,处刑少女的生存之道,2651,102068
3542_159751,0.6434814900739877,3542,CARNEADES,3542,159751
2468_98528,0.6432387069159667,2468,里世界远足(里世界郊游),2468,98528
3817_158891,0.6420436707980183,3817,末日尽头的少女背包之旅,3817,158891
3639_152497,0.6415225868772796,3639,不动火轮一动不动,3639,152497
3716_155281,0.6401090966668556,3716,初恋Signal,3716,155281
2451_94926,0.6372300083002687,2451,「凭你也想讨伐魔王？」被勇者小队逐出队伍，只好在王都自在过活(你这种家伙别想打赢魔王),2451,94926
2756_145929,0.6368511575539126,2756,转生公主与天才千金的魔法革命(转生王女与天才千金的魔法革命),2756,145929
2997_122164,0.6360236890748416,2997,人类的时代结束了，但肚子还是会饿吗？,2997,122164
3078_126726,0.6350101067682534,3078,武士道系列,3078,126726
2468_92542,0.6349165200639333,2468,里世界远足(里世界郊游),2468,92542
349_12158,0.6348465341545999,349,BLACK SHEEP 圣夜迷途的黑羊,349,12158
2680_103564,0.6347967566453627,2680,Everlasting,2680,103564
915_25331,0.6330381187186148,915,发明工坊 星降日记,915,25331
1414_108915,0.6325480696652251,1414,魔法少女育成计划,1414,108915
2468_160019,0.6322085647990642,2468,里世界远足(里世界郊游),2468,160019
2756_112633,0.6306547580953805,2756,转生公主与天才千金的魔法革命(转生王女与天才千金的魔法革命),2756,112633
2492_93410,0.629118548404687,2492,在世界终焉的花园,2492,93410
3251_134735,0.6288467630159421,3251,最后也是最初的偶像,3251,134735
2756_143520,0.6287354823956738,2756,转生公主与天才千金的魔法革命(转生王女与天才千金的魔法革命),2756,143520
1414_119795,0.6277606382874819,1414,魔法少女育成计划,1414,119795
2451_116164,0.6276905332921601,2451,「凭你也想讨伐魔王？」被勇者小队逐出队伍，只好在王都自在过活(你这种家伙别想打赢魔王),2451,116164
2651_103266,0.6276062974943166,2651,处刑少女的生存之道,2651,103266
1729_58906,0.6272256129181365,1729,IDOLISING偶像擂台！,1729,58906
298_20499,0.6263298042168534,298,卡莲坂高中可爱广播社,298,20499
2651_129358,0.6262891179064273,2651,处刑少女的生存之道,2651,129358
2997_125114,0.6254589565638808,2997,人类的时代结束了，但肚子还是会饿吗？,2997,125114
1683_81043,0.6251639568944922,1683,安达与岛村,1683,81043
2896_117226,0.6245989626138697,2896,将放言说女生之间不可能的女孩子，在百日之内彻底攻陷的百合故事,2896,117226
2651_131330,0.6242173094251705,2651,处刑少女的生存之道,2651,131330
2651_118252,0.6237358159172468,2651,处刑少女的生存之道,2651,118252
3507_145453,0.6235679691127964,3507,沙漠蔷薇,3507,145453
1414_122209,0.6233044349506046,1414,魔法少女育成计划,1414,122209
2635_139773,0.6219569855966813,2635,我的推是坏人大小姐(我推是反派大小姐),2635,139773
1414_46255,0.6212319391363326,1414,魔法少女育成计划,1414,46255
1414_122955,0.6210063603357627,1414,魔法少女育成计划,1414,122955
3078_126855,0.6209519815494803,3078,武士道系列,3078,126855
2651_128686,0.6205940588747684,2651,处刑少女的生存之道,2651,128686
60_3450,0.6195432489273254,60,糖果子弹,60,3450
2451_137549,0.6185775562231087,2451,「凭你也想讨伐魔王？」被勇者小队逐出队伍，只好在王都自在过活(你这种家伙别想打赢魔王),2451,137549
3249_134644,0.6178679548994571,3249,弗莉达的世界 天上没有的群星,3249,134644
1683_97801,0.6177165840541092,1683,安达与岛村,1683,97801
391_14748,0.6175897084869466,391,眼镜少女 HOLIC,391,14748
1414_123397,0.6172503750683026,1414,魔法少女育成计划,1414,123397
298_10601,0.6158351128526636,298,卡莲坂高中可爱广播社,298,10601
391_14750,0.6151155105310789,391,眼镜少女 HOLIC,391,14750
3802_158308,0.6112089799565777,3802,谋杀勇者的新娘,3802,158308
1683_125053,0.6104515520989938,1683,安达与岛村,1683,125053
3210_166202,0.6086817557489268,3210,被夹在百合之间的我，顺势劈腿了(关于被百合夹在中间的我，顺势脚踏两只船这件事),3210,166202
1414_104765,0.6081293069151815,1414,魔法少女育成计划,1414,104765
1414_108917,0.605713653141633,1414,魔法少女育成计划,1414,108917
2756_167146,0.5987283347557575,2756,转生公主与天才千金的魔法革命(转生王女与天才千金的魔法革命),2756,167146
1683_139072,0.5967064570874265,1683,安达与岛村,1683,139072
1414_104755,0.5962089016948995,1414,魔法少女育成计划,1414,104755
1683_115965,0.5959179705863269,1683,安达与岛村,1683,115965
3210_142152,0.5905409392786117,3210,被夹在百合之间的我，顺势劈腿了(关于被百合夹在中间的我，顺势脚踏两只船这件事),3210,142152
2651_145445,0.5886482647544624,2651,处刑少女的生存之道,2651,145445
3406_140173,0.5880389495081987,3406,反派千金沦为庶民,3406,140173
298_10595,0.5872494406559284,298,卡莲坂高中可爱广播社,298,10595
1414_72715,0.5751055655732376,1414,魔法少女育成计划,1414,72715
2562_97163,0.5742392194194597,2562,大和抚子向前冲！管它以后会怎样！,2562,97163
255_134554,0.5688674107244405,255,圣母在上(玛莉亚的凝望),255,134554
1414_71258,0.5651963131693247,1414,魔法少女育成计划,1414,71258
3961_164825,0.5518711640895898,3961,异界扫灭的战斗女仆,3961,164825
1683_81033,0.5313412351969841,1683,安达与岛村,1683,81033
3716_155275,0.5254656719496915,3716,初恋Signal,3716,155275
1833_63846,0.5115528344101,1833,生存意义空想,1833,63846
3780_157613,0.5043797512982795,3780,请待在有光的地方,3780,157613
3210_161286,0.486608823434981,3210,被夹在百合之间的我，顺势劈腿了(关于被百合夹在中间的我，顺势脚踏两只船这件事),3210,161286
3210_132833,0.485449201444687,3210,被夹在百合之间的我，顺势劈腿了(关于被百合夹在中间的我，顺势脚踏两只船这件事),3210,132833
1643_55576,0.4747257130259483,1643,傀儡师神乐,1643,55576
2812_111584,0.4671189502070622,2812,将这股温度称为你(我会将这份温暖称为你),2812,111584
2661_102547,0.463245665447619,2661,相隔101米的爱恋,2661,102547
2431_90434,0.4578162325198085,2431,她与我的末日旅行,2431,90434
3986_165240,0.4460612430947511,3986,谁才是我的百合呢！？,3986,165240
3759_157046,0.4419249554495709,3759,只要活着,3759,157046
3210_137424,0.4294276431059832,3210,被夹在百合之间的我，顺势劈腿了(关于被百合夹在中间的我，顺势脚踏两只船这件事),3210,137424
255_9668,0.4020292539449529,255,圣母在上(玛莉亚的凝望),255,9668
255_48951,0.3797665737057012,255,圣母在上(玛莉亚的凝望),255,48951
3703_154789,0.3788127612627716,3703,蜘蛛与制服,3703,154789
301_10871,0.3764419781590018,301,简单易懂的现代魔法,301,10871
255_29646,0.3738237491784771,255,圣母在上(玛莉亚的凝望),255,29646
255_39740,0.3614919215015488,255,圣母在上(玛莉亚的凝望),255,39740
657_19396,0.356942146227199,657,舞-HiME★DESTINY 龙之巫女,657,19396
255_63937,0.3566245097981043,255,圣母在上(玛莉亚的凝望),255,63937
301_10884,0.3558372149197017,301,简单易懂的现代魔法,301,10884
255_63938,0.3541769657261805,255,圣母在上(玛莉亚的凝望),255,63938
301_17145,0.3372093903014065,301,简单易懂的现代魔法,301,17145
255_46532,0.3283791896695926,255,圣母在上(玛莉亚的凝望),255,46532
3759_157035,0.3229626791007603,3759,只要活着,3759,157035
255_19142,0.3218548818719299,255,圣母在上(玛莉亚的凝望),255,19142
255_9641,0.3194808435560027,255,圣母在上(玛莉亚的凝望),255,9641
3413_140732,0.3190105017272071,3413,十岁的最强魔导师,3413,140732
2828_112677,0.2957557127018147,2828,降樱的小镇,2828,112677
255_9697,0.2854684022649262,255,圣母在上(玛莉亚的凝望),255,9697
255_9660,0.2677653582964088,255,圣母在上(玛莉亚的凝望),255,9660
3862_160792,0.2602872043970853,3862,少女所不期望的英雄史诗,3862,160792
4043_167174,0.2562201723016044,4043,雨之塔,4043,167174
3332_137255,0.2481670036967936,3332,我们没有故事,3332,137255
255_9671,0.2453886971146708,255,圣母在上(玛莉亚的凝望),255,9671
255_25499,0.2388206085372649,255,圣母在上(玛莉亚的凝望),255,25499
2828_114310,0.2353176716602052,2828,降樱的小镇,2828,114310
2496_93457,0.2345141120010825,2496,幸会，食人鬼。,2496,93457
3250_134718,0.2324770842561883,3250,百年文通,3250,134718
2152_112766,0.2291300591379076,2152,熊熊勇闯异世界,2152,112766
3386_139167,0.2283390116939067,3386,猎猫一族之长,3386,139167
208_8558,0.2213400982632425,208,幽灵恋人,208,8558
255_25950,0.2203445738483974,255,圣母在上(玛莉亚的凝望),255,25950
2367_133856,0.2187540291414056,2367,DATE A BULLET赤黑新章,2367,133856
255_37585,0.2176440250794,255,圣母在上(玛莉亚的凝望),255,37585
2367_128760,0.2071578276394396,2367,DATE A BULLET赤黑新章,2367,128760
2235_90022,0.2048874071414259,2235,四季之后4 cours after,2235,90022
3894_162181,0.2048286383908092,3894,两个人是光之美少女,3894,162181
1642_55559,0.2022275191008465,1642,天空的莉莉娅,1642,55559
3611_155043,0.2008467931408988,3611,我的初恋太过羞耻无法对人诉说,3611,155043
3332_138097,0.1970661826977794,3332,我们没有故事,3332,138097
3667_153600,0.1952480173529083,3667,四人制姐妹百合物帐,3667,153600
255_9707,0.1910780210590401,255,圣母在上(玛莉亚的凝望),255,9707
2235_81534,0.1884993716170593,2235,四季之后4 cours after,2235,81534
255_35187,0.1863815788762391,255,圣母在上(玛莉亚的凝望),255,35187
255_19141,0.184017299441851,255,圣母在上(玛莉亚的凝望),255,19141
3332_163098,0.1832625068540461,3332,我们没有故事,3332,163098
3611_163958,0.1816278345409219,3611,我的初恋太过羞耻无法对人诉说,3611,163958
2367_93911,0.1809193487072608,2367,DATE A BULLET赤黑新章,2367,93911
301_10869,0.1806387067988841,301,简单易懂的现代魔法,301,10869
301_18174,0.1762667844498313,301,简单易懂的现代魔法,301,18174
255_28845,0.1741697799652528,255,圣母在上(玛莉亚的凝望),255,28845
208_8571,0.1731499817107774,208,幽灵恋人,208,8571
255_9698,0.1730098126542253,255,圣母在上(玛莉亚的凝望),255,9698
255_9691,0.1717879096897439,255,圣母在上(玛莉亚的凝望),255,9691
255_25495,0.1714196631380089,255,圣母在上(玛莉亚的凝望),255,25495
255_9687,0.1712689525719768,255,圣母在上(玛莉亚的凝望),255,9687
301_29966,0.1701116802781578,301,简单易懂的现代魔法,301,29966
208_8577,0.1610420629059211,208,幽灵恋人,208,8577
3785_157738,0.1558262498896008,3785,想成为勇者的少女，与注定成为勇者的她(想要成为勇者的少女，与理应成为勇者的她),3785,157738
255_9682,0.14670076230672,255,圣母在上(玛莉亚的凝望),255,9682
255_33415,0.1430684407781186,255,圣母在上(玛莉亚的凝望),255,33415
255_44280,0.14072707990207,255,圣母在上(玛莉亚的凝望),255,44280
255_50050,0.1379568715062654,255,圣母在上(玛莉亚的凝望),255,50050
583_18786,0.136527940849543,583,菩提树庄的暗狩姬,583,18786
1868_132065,0.1351409443774687,1868,脑浆炸裂girl,1868,132065
3332_159293,0.1344049589798247,3332,我们没有故事,3332,159293
3332_141320,0.1334516781059632,3332,我们没有故事,3332,141320
2306_98863,0.1307753370202829,2306,Re:Stage！,2306,98863
3962_164246,0.1286889932736043,3962,转生千金卡特娜在异世界追寻梦想成为刀匠！,3962,164246
3611_150752,0.1285859134273279,3611,我的初恋太过羞耻无法对人诉说,3611,150752
3269_135382,0.1275993663833996,3269,所有偶像皆不老的世界,3269,135382
2367_117201,0.1229062085887258,2367,DATE A BULLET赤黑新章,2367,117201
4026_166703,0.1228400559463196,4026,花物语,4026,166703
3432_141806,0.1220480810154865,3432,祈祷之国的莉莉艾儿,3432,141806
1677_56910,0.1163307827410337,1677,少女与战车,1677,56910
255_9675,0.1157081199617753,255,圣母在上(玛莉亚的凝望),255,9675
2689_104058,0.1114858818422331,2689,冰川双子的生活,2689,104058
1751_59858,0.1076229075861376,1751,樱神乐,1751,59858
2685_103754,0.104268416112895,2685,明日的世界将会星光灿烂(明日的世界星光闪耀),2685,103754
3412_140718,0.1041418536452554,3412,少女同志，向敌人开枪吧,3412,140718
255_30182,0.1031993991550621,255,圣母在上(玛莉亚的凝望),255,30182
1677_56909,0.1012955763656842,1677,少女与战车,1677,56909
3547_149476,0.1006754647090654,3547,NO推理、NO侦探？,3547,149476
3735_157496,0.1004638986141773,3735,少女星间漂流记,3735,157496
2685_151310,0.0997575360098784,2685,明日的世界将会星光灿烂(明日的世界星光闪耀),2685,151310
2367_90830,0.0992706865079299,2367,DATE A BULLET赤黑新章,2367,90830
2367_87736,0.0967831411507842,2367,DATE A BULLET赤黑新章,2367,87736
2300_84761,0.0947205160419761,2300,虹色异星人,2300,84761
2367_87720,0.0943747075893348,2367,DATE A BULLET赤黑新章,2367,87720
2895_117002,0.0935745815809014,2895,声优广播的幕前幕后(声优广播的台前幕后),2895,117002
1966_75787,0.0921942811589684,1966,绯弹的亚莉亚AA(绯弹的亚里亚AA),1966,75787
1215_69536,0.091289453463406,1215,学生会侦探桐香,1215,69536
2895_118770,0.0876366073414844,2895,声优广播的幕前幕后(声优广播的台前幕后),2895,118770
255_17548,0.0873494772599391,255,圣母在上(玛莉亚的凝望),255,17548
255_20343,0.0873260664504489,255,圣母在上(玛莉亚的凝望),255,20343
1966_77579,0.087136258538395,1966,绯弹的亚莉亚AA(绯弹的亚里亚AA),1966,77579
3137_146794,0.0868609500239477,3137,身为VTuber的我因为忘记关台而成了传说,3137,146794
3735_163651,0.0861103212067443,3735,少女星间漂流记,3735,163651
3432_144006,0.082765009817357,3432,祈祷之国的莉莉艾儿,3432,144006
1966_69040,0.081975544776528,1966,绯弹的亚莉亚AA(绯弹的亚里亚AA),1966,69040
3295_136200,0.0813057520238652,3295,结城友奈是勇者 勇者史外典,3295,136200
2895_155026,0.0784229240627701,2895,声优广播的幕前幕后(声优广播的台前幕后),2895,155026
1868_65575,0.0775206036827328,1868,脑浆炸裂girl,1868,65575
2685_112425,0.0769277076080225,2685,明日的世界将会星光灿烂(明日的世界星光闪耀),2685,112425
2895_153172,0.0769100141320827,2895,声优广播的幕前幕后(声优广播的台前幕后),2895,153172
2367_97745,0.076503656372991,2367,DATE A BULLET赤黑新章,2367,97745
1215_45500,0.0758735255618429,1215,学生会侦探桐香,1215,45500
2255_108413,0.0750557541951862,2255,魔女之旅,2255,108413
3863_160807,0.0742280134230045,3863,魔女之旅 学园物语,3863,160807
1845_66108,0.0741556127827812,1845,合奏女孩！,1845,66108
401_27844,0.0739361899081503,401,德鲁伊来啰!,401,27844
343_12044,0.0739002132203431,343,静流姐系列,343,12044
2895_150951,0.0737381949139535,2895,声优广播的幕前幕后(声优广播的台前幕后),2895,150951
3754_156707,0.0736074317015817,3754,深夜重拳(深夜PUNCH 动画投稿者是吸血鬼！？),3754,156707
2768_109073,0.0731207665546984,2768,转生前是男的所以逆后宫容我拒绝,2768,109073
3525_146329,0.0729343473065796,3525,Lovelive! 虹咲学园偶像同好会 红莲的剑姬~Flamesword Princess~,3525,146329
3295_136188,0.0726985096780941,3295,结城友奈是勇者 勇者史外典,3295,136188
3375_138681,0.0720509059716414,3375,强袭魔女Memorial Episode 在一起哦,3375,138681
3590_149859,0.072014346483684,3590,Stellar step,3590,149859
1868_132354,0.0715068812050756,1868,脑浆炸裂girl,1868,132354
2895_116710,0.0712608161748879,2895,声优广播的幕前幕后(声优广播的台前幕后),2895,116710
1215_112296,0.0704499604410189,1215,学生会侦探桐香,1215,112296
2152_113497,0.0697119777807462,2152,熊熊勇闯异世界,2152,113497
1966_73874,0.0691728227669971,1966,绯弹的亚莉亚AA(绯弹的亚里亚AA),1966,73874
3137_143296,0.0687735850764249,3137,身为VTuber的我因为忘记关台而成了传说,3137,143296
2306_84905,0.0685453990592772,2306,Re:Stage！,2306,84905
2895_122477,0.0684448514181654,2895,声优广播的幕前幕后(声优广播的台前幕后),2895,122477
1215_37600,0.0677026281052821,1215,学生会侦探桐香,1215,37600
2895_134661,0.0676222841367708,2895,声优广播的幕前幕后(声优广播的台前幕后),2895,134661
2255_142921,0.0665903647374734,2255,魔女之旅,2255,142921
3280_135793,0.0664177350027436,3280,为青年设立的读书俱乐部,3280,135793
2306_98864,0.0664111716715388,2306,Re:Stage！,2306,98864
2792_135838,0.0661195578395556,2792,家里蹲吸血姬的郁闷(家里蹲吸血姬的苦闷),2792,135838
343_17955,0.0659343363903828,343,静流姐系列,343,17955
531_66734,0.0655718387552321,531,苍穹女武神(苍穹的驱真),531,66734
577_23778,0.0648579922600426,577,强袭魔女,577,23778
1215_50634,0.0647601053821859,1215,学生会侦探桐香,1215,50634
3590_152213,0.0647250429114206,3590,Stellar step,3590,152213
2734_106844,0.0647207875001843,2734,为了当剑士而入学，魔法天赋却高达9999！？,2734,106844
2792_137995,0.0633155446796935,2792,家里蹲吸血姬的郁闷(家里蹲吸血姬的苦闷),2792,137995
2895_159563,0.0629687762451122,2895,声优广播的幕前幕后(声优广播的台前幕后),2895,159563
2255_104473,0.0628704881192777,2255,魔女之旅,2255,104473
1577_78877,0.0627199196698089,1577,妮娜与兔子与魔法战车,1577,78877
2255_97803,0.0621821174857672,2255,魔女之旅,2255,97803
2792_142600,0.0621554237000108,2792,家里蹲吸血姬的郁闷(家里蹲吸血姬的苦闷),2792,142600
2152_141783,0.0619185419494805,2152,熊熊勇闯异世界,2152,141783
401_19786,0.0618032278316588,401,德鲁伊来啰!,401,19786
3137_130256,0.0617637645520767,3137,身为VTuber的我因为忘记关台而成了传说,3137,130256
251_12205,0.0611251939631581,251,魔学诡术士,251,12205
3316_136794,0.0603413198270686,3316,Lycoris Recoil 莉可丽丝 Ordinary days,3316,136794
2255_110545,0.0602887850695852,2255,魔女之旅,2255,110545
3137_148607,0.0602530568605546,3137,身为VTuber的我因为忘记关台而成了传说,3137,148607
2367_109978,0.0601257901414545,2367,DATE A BULLET赤黑新章,2367,109978
2845_114050,0.0595526229217753,2845,乃木若叶是勇者(勇者部系列三),2845,114050
3735_156030,0.059244486367542,3735,少女星间漂流记,3735,156030
2418_89871,0.0587328043974746,2418,你好哇，暗杀者,2418,89871
255_33423,0.0587090262340895,255,圣母在上(玛莉亚的凝望),255,33423
2845_114071,0.058297424867111,2845,乃木若叶是勇者(勇者部系列三),2845,114071
3137_134707,0.0580768889211354,3137,身为VTuber的我因为忘记关台而成了传说,3137,134707
1156_35334,0.0574358314813475,1156,STITCH裁缝少女,1156,35334
3137_154919,0.0569947786564341,3137,身为VTuber的我因为忘记关台而成了传说,3137,154919
643_19288,0.0569862058652207,643,PiPit!!天线少女,643,19288
3137_138391,0.0568287629088646,3137,身为VTuber的我因为忘记关台而成了传说,3137,138391
2255_99805,0.056701024325253,2255,魔女之旅,2255,99805
531_32910,0.0562023431730639,531,苍穹女武神(苍穹的驱真),531,32910
2895_164223,0.0561189995424382,2895,声优广播的幕前幕后(声优广播的台前幕后),2895,164223
2792_144990,0.0559589238126961,2792,家里蹲吸血姬的郁闷(家里蹲吸血姬的苦闷),2792,144990
1021_29936,0.0549110623645219,1021,侦探歌剧MilkyHomes～overture～,1021,29936
595_18889,0.0544891013341933,595,叛红猎杀,595,18889
2792_127183,0.0543252184247452,2792,家里蹲吸血姬的郁闷(家里蹲吸血姬的苦闷),2792,127183
2792_126100,0.0542564497236006,2792,家里蹲吸血姬的郁闷(家里蹲吸血姬的苦闷),2792,126100
2438_90975,0.054104855136711,2438,Cheers!爱的鼓励,2438,90975
531_65764,0.0522749371038153,531,苍穹女武神(苍穹的驱真),531,65764
2792_115084,0.0510394463017314,2792,家里蹲吸血姬的郁闷(家里蹲吸血姬的苦闷),2792,115084
2895_116842,0.0509075961481805,2895,声优广播的幕前幕后(声优广播的台前幕后),2895,116842
952_27674,0.0507653294820245,952,拜托了，莉莉丝,952,27674
2314_85321,0.0504922781159491,2314,童话魔法使(原书·原书使),2314,85321
2152_159173,0.0504220253254667,2152,熊熊勇闯异世界,2152,159173
2255_129283,0.0499017213109297,2255,魔女之旅,2255,129283
2255_120785,0.0497093022916275,2255,魔女之旅,2255,120785
1868_124370,0.0496619948077641,1868,脑浆炸裂girl,1868,124370
2255_94086,0.0486097892558979,2255,魔女之旅,2255,94086
2818_127341,0.0485797296032196,2818,碧蓝航线 Episode of Belfast,2818,127341
2438_91540,0.0476329868585292,2438,Cheers!爱的鼓励,2438,91540
3558_165280,0.0476095735177505,3558,狱门抚子在此,3558,165280
1845_64615,0.0472809566031607,1845,合奏女孩！,1845,64615
3089_127556,0.046596416635835,3089,海鸟东月的『荒唐事』,3089,127556
3558_157333,0.046392590210189,3558,狱门抚子在此,3558,157333
3558_148375,0.0458294388488904,3558,狱门抚子在此,3558,148375
1868_67542,0.0456965161136968,1868,脑浆炸裂girl,1868,67542
3275_135628,0.0454806032746305,3275,推偶像三原则,3275,135628
2480_92985,0.0453968176940041,2480,怕痛的我，把防御力点满就对了,2480,92985
2792_110406,0.0453204134058281,2792,家里蹲吸血姬的郁闷(家里蹲吸血姬的苦闷),2792,110406
2792_118848,0.0452436884682196,2792,家里蹲吸血姬的郁闷(家里蹲吸血姬的苦闷),2792,118848
2734_119201,0.045238086285043,2734,为了当剑士而入学，魔法天赋却高达9999！？,2734,119201
401_14946,0.0445920575482789,401,德鲁伊来啰!,401,14946
3885_164577,0.0445545993324085,3885,寂静魔女 索姆斯没人要中队Reboot,3885,164577
2255_144017,0.0445094690005433,2255,魔女之旅,2255,144017
3432_152034,0.0444978198810378,3432,祈祷之国的莉莉艾儿,3432,152034
2314_91290,0.0444842591783677,2314,童话魔法使(原书·原书使),2314,91290
2541_113502,0.0439045373084535,2541,本田小狼与我,2541,113502
1215_59762,0.0438186613966291,1215,学生会侦探桐香,1215,59762
2768_116454,0.0436664927870203,2768,转生前是男的所以逆后宫容我拒绝,2768,116454
1610_61794,0.0431732893125587,1610,舰队收藏(舰队Collection 阳炎，起锚！),1610,61794
2734_138209,0.0431154863948351,2734,为了当剑士而入学，魔法天赋却高达9999！？,2734,138209
2152_139562,0.0428489473913634,2152,熊熊勇闯异世界,2152,139562
2255_120784,0.0425912073894912,2255,魔女之旅,2255,120784
2792_124189,0.0420885467314699,2792,家里蹲吸血姬的郁闷(家里蹲吸血姬的苦闷),2792,124189
2255_100339,0.0417001368254745,2255,魔女之旅,2255,100339
2255_154587,0.0412026382145784,2255,魔女之旅,2255,154587
1577_52891,0.0405430108692585,1577,妮娜与兔子与魔法战车,1577,52891
2541_105416,0.0403584512652663,2541,本田小狼与我,2541,105416
1091_34133,0.0401941769941653,1091,强袭魔女 乙女之章,1091,34133
3810_158494,0.0399494759642347,3810,经学少女传~考试地狱中的男装大小姐~,3810,158494
2255_102172,0.0398379802385354,2255,魔女之旅,2255,102172
3294_136178,0.0391465845380111,3294,楠芽吹是勇者(勇者部系列四),3294,136178
1868_73585,0.0389827203715043,1868,脑浆炸裂girl,1868,73585
952_27685,0.0388801443950927,952,拜托了，莉莉丝,952,27685
2314_91365,0.0387457995346909,2314,童话魔法使(原书·原书使),2314,91365
2541_96151,0.0387084184692847,2541,本田小狼与我,2541,96151
2480_107832,0.0384696130928582,2480,怕痛的我，把防御力点满就对了,2480,107832
2255_165709,0.0380548992036636,2255,魔女之旅,2255,165709
2471_101712,0.0376375265118916,2471,带着外挂转生为公会柜台小姐,2471,101712
2255_98786,0.037498575269454,2255,魔女之旅,2255,98786
1255_51028,0.0373281248009355,1255,某僵尸少女的灾难,1255,51028
2855_114552,0.0370096357543358,2855,刀使巫女 琉球剑风录,2855,114552
2258_164551,0.0366521747961285,2258,高贵魔女 第506统合战斗飞行团,2258,164551
1577_62172,0.0366117989446953,1577,妮娜与兔子与魔法战车,1577,62172
2314_97462,0.0365988866716834,2314,童话魔法使(原书·原书使),2314,97462
2818_125018,0.0365547132149221,2818,碧蓝航线 Episode of Belfast,2818,125018
3558_151754,0.0363073694672717,3558,狱门抚子在此,3558,151754
3017_123358,0.0361683687249253,3017,战翼的希格德莉法,3017,123358
2255_114032,0.0359931608764626,2255,魔女之旅,2255,114032
4014_166308,0.0357594709295772,4014,在揍爆向导天使之后，我当上了死灵术师,4014,166308
3885_164584,0.0357422281651449,3885,寂静魔女 索姆斯没人要中队Reboot,3885,164584
3547_147740,0.0351636827003474,3547,NO推理、NO侦探？,3547,147740
3885_162177,0.035127443091364,3885,寂静魔女 索姆斯没人要中队Reboot,3885,162177
3885_161743,0.034853317984317,3885,寂静魔女 索姆斯没人要中队Reboot,3885,161743
3101_128204,0.0348398021175311,3101,菜鸟炼金术师开店营业中(新人炼金术师的店铺经营),3101,128204
2255_82490,0.0343143776447299,2255,魔女之旅,2255,82490
343_17953,0.0341809486994532,343,静流姐系列,343,17953
577_18765,0.0337833142680084,577,强袭魔女,577,18765
531_65397,0.0332006573252737,531,苍穹女武神(苍穹的驱真),531,65397
1255_39335,0.0330637877528968,1255,某僵尸少女的灾难,1255,39335
143_6832,0.0326956271880737,143,高中女神,143,6832
1601_54275,0.0325611311213429,1601,超次元游戏海王星,1601,54275
3101_145494,0.0325367171604307,3101,菜鸟炼金术师开店营业中(新人炼金术师的店铺经营),3101,145494
2138_90034,0.0323362535003234,2138,OBSTACLE Series 激战的魔女之夜,2138,90034
2258_86255,0.0322792132521363,2258,高贵魔女 第506统合战斗飞行团,2258,86255
2441_91746,0.0321811691818152,2441,持续狩猎史莱姆三百年，不知不觉就练到LV MAX,2441,91746
2945_118999,0.0320302270537285,2945,成为女贤者的光秀待在女勇者信长的队伍里面浑身不自在,2945,118999
2255_100338,0.0319259520551025,2255,魔女之旅,2255,100338
251_12161,0.0314642450963524,251,魔学诡术士,251,12161
1091_35467,0.0313861704924974,1091,强袭魔女 乙女之章,1091,35467
149_7021,0.0310541004195337,149,钢铁白兔骑士团,149,7021
2818_111814,0.0308428672503695,2818,碧蓝航线 Episode of Belfast,2818,111814
149_35193,0.0304927042889966,149,钢铁白兔骑士团,149,35193
2537_102384,0.0301688436743614,2537,自称贤者弟子的贤者,2537,102384
2255_160649,0.0299272495252811,2255,魔女之旅,2255,160649
2410_97497,0.0298854678414289,2410,英雄转世为英雄之女目标再度成为英雄(重生英雄之女的英雄立志再度成为英雄),2410,97497
2659_102498,0.0298195234570814,2659,齿轮驱动,2659,102498
2541_113625,0.0295401957148477,2541,本田小狼与我,2541,113625
203_8499,0.0292238450572966,203,战斗！暴风少女！,203,8499
2152_145859,0.0291232729275216,2152,熊熊勇闯异世界,2152,145859
2258_82574,0.0290497753821699,2258,高贵魔女 第506统合战斗飞行团,2258,82574
3101_140562,0.0290001473647295,3101,菜鸟炼金术师开店营业中(新人炼金术师的店铺经营),3101,140562
2480_121049,0.0286989831242128,2480,怕痛的我，把防御力点满就对了,2480,121049
1610_74947,0.0283283237656308,1610,舰队收藏(舰队Collection 阳炎，起锚！),1610,74947
531_29813,0.0283050415394598,531,苍穹女武神(苍穹的驱真),531,29813
1610_54619,0.0281540150218606,1610,舰队收藏(舰队Collection 阳炎，起锚！),1610,54619
2441_125778,0.0275716055258391,2441,持续狩猎史莱姆三百年，不知不觉就练到LV MAX,2441,125778
2963_119968,0.0271645499949018,2963,超次元游戏海王星：梦魇时刻？,2963,119968
3101_143932,0.0270795012576003,3101,菜鸟炼金术师开店营业中(新人炼金术师的店铺经营),3101,143932
2480_94848,0.0270374843616998,2480,怕痛的我，把防御力点满就对了,2480,94848
2441_106148,0.0266750302332259,2441,持续狩猎史莱姆三百年，不知不觉就练到LV MAX,2441,106148
1610_80029,0.0262059951037091,1610,舰队收藏(舰队Collection 阳炎，起锚！),1610,80029
203_19475,0.0259733377519028,203,战斗！暴风少女！,203,19475
3017_123436,0.0259409649529794,3017,战翼的希格德莉法,3017,123436
2792_148556,0.025914230523815,2792,家里蹲吸血姬的郁闷(家里蹲吸血姬的苦闷),2792,148556
2138_86516,0.0256727871501221,2138,OBSTACLE Series 激战的魔女之夜,2138,86516
3101_142267,0.0256567245842451,3101,菜鸟炼金术师开店营业中(新人炼金术师的店铺经营),3101,142267
2441_91100,0.0255020485373529,2441,持续狩猎史莱姆三百年，不知不觉就练到LV MAX,2441,91100
2410_89519,0.0251255721463472,2410,英雄转世为英雄之女目标再度成为英雄(重生英雄之女的英雄立志再度成为英雄),2410,89519
2480_112484,0.0249611889351429,2480,怕痛的我，把防御力点满就对了,2480,112484
2138_77304,0.0247290423774379,2138,OBSTACLE Series 激战的魔女之夜,2138,77304
2792_139843,0.0245803063698488,2792,家里蹲吸血姬的郁闷(家里蹲吸血姬的苦闷),2792,139843
2255_87549,0.0245414794004447,2255,魔女之旅,2255,87549
2255_104788,0.0238845042158359,2255,魔女之旅,2255,104788
519_18195,0.0238445790351273,519,向阳素描 欢迎来到向阳庄,519,18195
251_16453,0.023789722808307,251,魔学诡术士,251,16453
531_66888,0.023744091635384,531,苍穹女武神(苍穹的驱真),531,66888
531_65127,0.0233717203498523,531,苍穹女武神(苍穹的驱真),531,65127
2480_118201,0.0233020827519959,2480,怕痛的我，把防御力点满就对了,2480,118201
2537_98074,0.0232103014638586,2537,自称贤者弟子的贤者,2537,98074
1091_40035,0.0229903462218589,1091,强袭魔女 乙女之章,1091,40035
149_20210,0.0229389313482271,149,钢铁白兔骑士团,149,20210
1609_61847,0.0228925857020064,1609,月下魔女,1609,61847
531_18333,0.0226556530440243,531,苍穹女武神(苍穹的驱真),531,18333
2441_94749,0.0225366460222528,2441,持续狩猎史莱姆三百年，不知不觉就练到LV MAX,2441,94749
2441_111561,0.0224824020878998,2441,持续狩猎史莱姆三百年，不知不觉就练到LV MAX,2441,111561
2471_101717,0.0224377578738169,2471,带着外挂转生为公会柜台小姐,2471,101717
2537_101028,0.0223883081462635,2537,自称贤者弟子的贤者,2537,101028
149_7022,0.021879655219395,149,钢铁白兔骑士团,149,7022
1215_53513,0.021852849074223,1215,学生会侦探桐香,1215,53513
1609_54583,0.021443456948503,1609,月下魔女,1609,54583
972_28272,0.0210786556791749,972,如果杜拉(假如高中棒球部的女经理读了德鲁克的《管理学》),972,28272
2258_164542,0.021003676391314,2258,高贵魔女 第506统合战斗飞行团,2258,164542
2818_130995,0.0207632258789806,2818,碧蓝航线 Episode of Belfast,2818,130995
2152_97205,0.0207048447973707,2152,熊熊勇闯异世界,2152,97205
2152_80684,0.0203942321567163,2152,熊熊勇闯异世界,2152,80684
2258_164661,0.0203768810868793,2258,高贵魔女 第506统合战斗飞行团,2258,164661
2471_111398,0.0201920638483363,2471,带着外挂转生为公会柜台小姐,2471,111398
2138_81005,0.0196252703030427,2138,OBSTACLE Series 激战的魔女之夜,2138,81005
2537_103870,0.0193467976492319,2537,自称贤者弟子的贤者,2537,103870
1819_80022,0.0192532754594888,1819,舰队收藏(舰队Collection 鹤翼之绊),1819,80022
1091_32943,0.0189236967065938,1091,强袭魔女 乙女之章,1091,32943
2152_119565,0.0187275703634903,2152,熊熊勇闯异世界,2152,119565
1610_62011,0.0185943605936778,1610,舰队收藏(舰队Collection 阳炎，起锚！),1610,62011
2537_165372,0.0185384202397879,2537,自称贤者弟子的贤者,2537,165372
251_9594,0.0183083358927359,251,魔学诡术士,251,9594
2471_95234,0.0182355891222614,2471,带着外挂转生为公会柜台小姐,2471,95234
1674_56782,0.0182167670061163,1674,蛮憨女侦探事件簿,1674,56782
2152_115107,0.0181710944437858,2152,熊熊勇闯异世界,2152,115107
3101_147434,0.0176264911754775,3101,菜鸟炼金术师开店营业中(新人炼金术师的店铺经营),3101,147434
2258_86246,0.0176236694790435,2258,高贵魔女 第506统合战斗飞行团,2258,86246
2152_117475,0.017617460919943,2152,熊熊勇闯异世界,2152,117475
2537_167254,0.0176056174368133,2537,自称贤者弟子的贤者,2537,167254
1819_68669,0.0175529628740853,1819,舰队收藏(舰队Collection 鹤翼之绊),1819,68669
2537_113003,0.0174867743948979,2537,自称贤者弟子的贤者,2537,113003
1610_78156,0.0174804167260672,1610,舰队收藏(舰队Collection 阳炎，起锚！),1610,78156
2537_96842,0.0173225530451053,2537,自称贤者弟子的贤者,2537,96842
2152_112870,0.0172556378825644,2152,熊熊勇闯异世界,2152,112870
2258_164670,0.0169061401650684,2258,高贵魔女 第506统合战斗飞行团,2258,164670
2410_110426,0.0167477126690698,2410,英雄转世为英雄之女目标再度成为英雄(重生英雄之女的英雄立志再度成为英雄),2410,110426
2537_95891,0.0165392925400026,2537,自称贤者弟子的贤者,2537,95891
2537_149682,0.016489817592607,2537,自称贤者弟子的贤者,2537,149682
2152_109918,0.0162336432855385,2152,熊熊勇闯异世界,2152,109918
149_7019,0.0161057345845557,149,钢铁白兔骑士团,149,7019
2543_96323,0.0160271046823422,2543,朋友以上侦探未满,2543,96323
1990_147036,0.0160004047328783,1990,SAO刀剑神域外传 Gun Gale Online,1990,147036
1990_91522,0.0159410883430015,1990,SAO刀剑神域外传 Gun Gale Online,1990,91522
2255_91205,0.0155223641402009,2255,魔女之旅,2255,91205
1610_74433,0.0154028611264355,1610,舰队收藏(舰队Collection 阳炎，起锚！),1610,74433
2152_128293,0.0154027339046775,2152,熊熊勇闯异世界,2152,128293
3810_158675,0.0153250680717361,3810,经学少女传~考试地狱中的男装大小姐~,3810,158675
2152_131798,0.014988497723306,2152,熊熊勇闯异世界,2152,131798
2152_114477,0.0149793261127562,2152,熊熊勇闯异世界,2152,114477
2441_147727,0.0145746313011568,2441,持续狩猎史莱姆三百年，不知不觉就练到LV MAX,2441,147727
1990_113126,0.0145720617387841,1990,SAO刀剑神域外传 Gun Gale Online,1990,113126
2441_103769,0.0144740248728002,2441,持续狩猎史莱姆三百年，不知不觉就练到LV MAX,2441,103769
1819_74187,0.0136835327454472,1819,舰队收藏(舰队Collection 鹤翼之绊),1819,74187
1990_85340,0.0134224317722544,1990,SAO刀剑神域外传 Gun Gale Online,1990,85340
3558_163586,0.013371003071579,3558,狱门抚子在此,3558,163586
2441_119910,0.0133660513111593,2441,持续狩猎史莱姆三百年，不知不觉就练到LV MAX,2441,119910
1990_70386,0.0130705190105742,1990,SAO刀剑神域外传 Gun Gale Online,1990,70386
1990_142308,0.0129125943798239,1990,SAO刀剑神域外传 Gun Gale Online,1990,142308
2441_140313,0.0128334963274318,2441,持续狩猎史莱姆三百年，不知不觉就练到LV MAX,2441,140313
2471_92679,0.0124643640948132,2471,带着外挂转生为公会柜台小姐,2471,92679
2441_130740,0.0124558141024191,2441,持续狩猎史莱姆三百年，不知不觉就练到LV MAX,2441,130740
2255_149789,0.0123318407445353,2255,魔女之旅,2255,149789
2480_150421,0.0120793255903999,2480,怕痛的我，把防御力点满就对了,2480,150421
2255_110452,0.0119861786818939,2255,魔女之旅,2255,110452
1819_74151,0.0117707960083582,1819,舰队收藏(舰队Collection 鹤翼之绊),1819,74151
1990_116250,0.0116827851790348,1990,SAO刀剑神域外传 Gun Gale Online,1990,116250
2152_82625,0.011590535599462,2152,熊熊勇闯异世界,2152,82625
1990_89877,0.0115726910552255,1990,SAO刀剑神域外传 Gun Gale Online,1990,89877
2152_137195,0.0113368564730977,2152,熊熊勇闯异世界,2152,137195
149_30348,0.0113222635093415,149,钢铁白兔骑士团,149,30348
2480_101626,0.0112475381509762,2480,怕痛的我，把防御力点满就对了,2480,101626
2537_110844,0.0111809434315672,2537,自称贤者弟子的贤者,2537,110844
2441_113367,0.0111200740758617,2441,持续狩猎史莱姆三百年，不知不觉就练到LV MAX,2441,113367
2480_103680,0.0108320234344697,2480,怕痛的我，把防御力点满就对了,2480,103680
2537_108380,0.0107021491313116,2537,自称贤者弟子的贤者,2537,108380
1819_65557,0.0106883867604895,1819,舰队收藏(舰队Collection 鹤翼之绊),1819,65557
595_18891,0.0105233161276376,595,叛红猎杀,595,18891
1990_134304,0.0104991177033049,1990,SAO刀剑神域外传 Gun Gale Online,1990,134304
149_12765,0.0104454660148938,149,钢铁白兔骑士团,149,12765
2258_164560,0.0104389701576231,2258,高贵魔女 第506统合战斗飞行团,2258,164560
2480_99015,0.0104167674646284,2480,怕痛的我，把防御力点满就对了,2480,99015
3101_138803,0.0103744038488946,3101,菜鸟炼金术师开店营业中(新人炼金术师的店铺经营),3101,138803
2152_92927,0.0103499892778142,2152,熊熊勇闯异世界,2152,92927
2537_119239,0.0103362230344631,2537,自称贤者弟子的贤者,2537,119239
149_13629,0.0100015934480089,149,钢铁白兔骑士团,149,13629
2537_139683,0.0099524154001733,2537,自称贤者弟子的贤者,2537,139683
2537_157350,0.009816369671943,2537,自称贤者弟子的贤者,2537,157350
82_4724,0.0097489684910348,82,七姬物语,82,4724
2441_98122,0.0093042879001729,2441,持续狩猎史莱姆三百年，不知不觉就练到LV MAX,2441,98122
82_36615,0.009247140267726,82,七姬物语,82,36615
2441_116433,0.0091235295961146,2441,持续狩猎史莱姆三百年，不知不觉就练到LV MAX,2441,116433
149_30340,0.0089229237789756,149,钢铁白兔骑士团,149,30340
149_7020,0.0087950475705109,149,钢铁白兔骑士团,149,7020
1819_63214,0.0084870634444666,1819,舰队收藏(舰队Collection 鹤翼之绊),1819,63214
2152_89132,0.0084200877429233,2152,熊熊勇闯异世界,2152,89132
2152_77900,0.0083783602041717,2152,熊熊勇闯异世界,2152,77900
82_19479,0.0081199694078283,82,七姬物语,82,19479
1990_150239,0.0079572283484805,1990,SAO刀剑神域外传 Gun Gale Online,1990,150239
2152_79067,0.0076347281373141,2152,熊熊勇闯异世界,2152,79067
2480_165620,0.0075082738861731,2480,怕痛的我，把防御力点满就对了,2480,165620
2537_127655,0.0073499070248321,2537,自称贤者弟子的贤者,2537,127655
82_4714,0.0070800798279877,82,七姬物语,82,4714
1990_86235,0.0070498841143467,1990,SAO刀剑神域外传 Gun Gale Online,1990,86235
2441_150529,0.0068121353170861,2441,持续狩猎史莱姆三百年，不知不觉就练到LV MAX,2441,150529
2480_130152,0.0067379941606977,2480,怕痛的我，把防御力点满就对了,2480,130152
2471_107289,0.0067085546252987,2471,带着外挂转生为公会柜台小姐,2471,107289
2480_141087,0.0066769660763071,2480,怕痛的我，把防御力点满就对了,2480,141087
2480_118171,0.0062639616631929,2480,怕痛的我，把防御力点满就对了,2480,118171
2152_86579,0.0058872528431059,2152,熊熊勇闯异世界,2152,86579
2537_115466,0.0056859595300289,2537,自称贤者弟子的贤者,2537,115466
2152_106047,0.0053638307082772,2152,熊熊勇闯异世界,2152,106047
2537_129737,0.0046016592175681,2537,自称贤者弟子的贤者,2537,129737
2480_126644,0.0037689668433518,2480,怕痛的我，把防御力点满就对了,2480,126644
149_26295,0.0037058806282849,149,钢铁白兔骑士团,149,26295
2480_135650,0.0034010796809101,2480,怕痛的我，把防御力点满就对了,2480,135650
2480_128696,0.0029375333442119,2480,怕痛的我，把防御力点满就对了,2480,128696
1990_89890,0.0021653945087321,1990,SAO刀剑神域外传 Gun Gale Online,1990,89890
1990_70731,0.0021111658616617,1990,SAO刀剑神域外传 Gun Gale Online,1990,70731
2537_120402,0.0013169799733785,2537,自称贤者弟子的贤者,2537,120402
2537_133737,0.001257743712347,2537,自称贤者弟子的贤者,2537,133737
3735_160396,0.0008790942529714,3735,少女星间漂流记,3735,160396
2537_117392,0.0004529794628833,2537,自称贤者弟子的贤者,2537,117392
